name,datetime,tempmax,tempmin,temp,feelslikemax,feelslikemin,feelslike,dew,humidity,precip,precipprob,precipcover,preciptype,snow,snowdepth,windgust,windspeed,winddir,sealevelpressure,cloudcover,visibility,solarradiation,solarenergy,uvindex,severerisk,sunrise,sunset,moonphase,conditions,description,icon,stations
Kyiv,2023-10-20,13.1,7.1,10.4,13.1,6.5,10.3,9.4,93.9,7,100,8.33,rain,0,0,18.7,6.8,161.9,1002.8,100,3.3,,,,,2023-10-20T07:27:50,2023-10-20T17:56:54,0.2,"Rain, Overcast",Cloudy skies throughout the day with rain.,rain,"33345099999,remote"
Kyiv,2023-10-21,13.4,8.9,11.5,13.4,7.9,11.3,10.8,95.2,0.3,100,4.17,rain,0,0,27.7,11.2,77.6,1007.7,99,0.6,,,,,2023-10-21T07:29:29,2023-10-21T17:54:55,0.23,"Rain, Overcast",Cloudy skies throughout the day with morning rain.,rain,"33345099999,remote"
Kyiv,2023-10-22,15.2,9.2,11.9,15.2,8.2,11.5,11,94.5,0,0,0,,0,0,33.1,13,137.8,1012.2,96.2,1.3,,,,,2023-10-22T07:31:09,2023-10-22T17:52:56,0.25,Overcast,Cloudy skies throughout the day.,cloudy,"33345099999,remote"
Kyiv,2023-10-23,16.6,11.7,14.3,16.6,11.7,14.3,9.7,74.3,0,0,0,,0,0,56.2,20.2,266.6,1011,52.8,18,,,,,2023-10-23T07:32:49,2023-10-23T17:50:59,0.31,Partially cloudy,Partly cloudy throughout the day.,partly-cloudy-day,"33345099999,remote"
Kyiv,2023-10-24,14.7,7.7,10.6,14.7,7,10.3,6.6,77.3,0,0,0,,0,0,26.3,10.1,286.2,1015.6,58.7,18.8,,,,,2023-10-24T07:34:29,2023-10-24T17:49:03,0.34,Partially cloudy,Partly cloudy throughout the day.,partly-cloudy-day,"33345099999,remote"
Kyiv,2023-10-25,11.2,6.7,9,11.2,5.7,8.2,7.8,92.3,26,100,8.33,rain,0,0,39.2,15.5,116.3,1006.6,99.6,5,,,,,2023-10-25T07:36:09,2023-10-25T17:47:08,0.38,"Rain, Overcast",Cloudy skies throughout the day with rain.,rain,"33345099999,remote"
Kyiv,2023-10-26,14.7,10.4,12.4,14.7,10.4,12.4,10.6,89.2,3,100,4.17,rain,0,0,31.7,11.5,242,1000.2,97.1,14.4,,,,,2023-10-26T07:37:50,2023-10-26T17:45:14,0.41,"Rain, Overcast",Cloudy skies throughout the day with morning rain.,rain,"33345099999,remote"
Kyiv,2023-10-27,17.7,11.1,13.5,17.7,11.1,13.5,11,85.6,3,100,4.17,rain,0,0,25.6,14.4,204.7,997.5,89.5,11.7,,,,,2023-10-27T07:39:30,2023-10-27T17:43:22,0.45,"Rain, Partially cloudy",Partly cloudy throughout the day with morning rain.,rain,"33345099999,remote"
Kyiv,2023-10-28,15.2,9.5,11.9,15.2,7.5,11.5,8.1,78.1,7,100,8.33,rain,0,0,86,39.6,256.7,994,90.4,14.3,,,,,2023-10-28T07:41:11,2023-10-28T17:41:31,0.5,"Rain, Overcast",Cloudy skies throughout the day with rain.,rain,"33345099999,remote"
Kyiv,2023-10-29,13.4,8.2,9.6,13.4,7.7,9.5,7.3,85.8,0.2,100,8.33,rain,0,0,27.4,9.7,271,1012.8,76.1,18.9,,,,,2023-10-29T06:42:52,2023-10-29T16:39:41,0.52,"Rain, Partially cloudy",Partly cloudy throughout the day with early morning rain.,rain,"33345099999,remote"
Kyiv,2023-10-30,20.2,9.8,13.7,20.2,8.9,13.6,7.6,67.7,0,0,0,,0,0,29.9,14.4,202.3,1014.5,71.7,20,,,,,2023-10-30T06:44:34,2023-10-30T16:37:52,0.55,Partially cloudy,Partly cloudy throughout the day.,partly-cloudy-day,"remote,33345099999"
Kyiv,2023-10-31,21.4,8.2,14.7,21.4,8.2,14.7,8.8,68.8,0,0,0,,0,0,30.6,14.4,175.5,1011.5,50.8,20,,,,,2023-10-31T06:46:15,2023-10-31T16:36:05,0.58,Partially cloudy,Clearing in the afternoon.,partly-cloudy-day,"remote,33345099999"
Kyiv,2023-11-01,14.7,9.2,12.7,14.7,8,12.6,10.6,87.1,3,100,4.17,rain,0,0,36.4,13.7,235.5,1007.6,95.7,12.6,,,,,2023-11-01T06:47:57,2023-11-01T16:34:20,0.61,"Rain, Overcast",Cloudy skies throughout the day with late afternoon rain.,rain,"remote,33345099999"
Kyiv,2023-11-02,14.4,5.7,9.1,14.4,4.2,8.4,4.8,75.7,0,0,0,,0,0,25.6,10.8,258.2,1012,39.5,20,,,,,2023-11-02T06:49:39,2023-11-02T16:32:36,0.65,Partially cloudy,Partly cloudy throughout the day.,partly-cloudy-day,"remote,33345099999"
Kyiv,2023-11-03,12.9,4.2,7.9,12.9,3.9,7.3,4.8,81.8,0,0,0,,0,0,37.8,14.8,131.5,1010.3,36,18.8,,,,,2023-11-03T06:51:20,2023-11-03T16:30:54,0.68,Partially cloudy,Partly cloudy throughout the day.,partly-cloudy-day,"remote,33345099999"
Kyiv,2023-11-04,15.7,9,12.6,15.7,7.1,12.4,12,96.3,4.9,100,8.33,rain,0,0,61.2,18,139.7,1001.1,100,1.9,,,,,2023-11-04T06:53:02,2023-11-04T16:29:13,0.71,"Rain, Overcast",Cloudy skies throughout the day with rain.,rain,"remote,33345099999"
Kyiv,2023-11-05,16,9.4,11.9,16,7.6,11.6,9,83.1,10,100,4.17,rain,0,0,50,18.7,190.2,997,85.1,16.3,,,,,2023-11-05T06:54:44,2023-11-05T16:27:34,0.75,"Rain, Partially cloudy",Partly cloudy throughout the day with morning rain.,rain,"remote,33345099999"
Kyiv,2023-11-06,13.7,9.6,11.5,13.7,8,11.3,7.6,77.6,3,100,4.17,rain,0,0,45,17.3,235.8,1001.7,63.8,20,,,,,2023-11-06T06:56:26,2023-11-06T16:25:57,0.78,"Rain, Partially cloudy",Becoming cloudy in the afternoon with morning rain.,rain,"remote,33345099999"
Kyiv,2023-11-07,15.4,7.3,10.5,15.4,5.2,9.6,5.2,70.4,0,0,0,,0,0,32,11.9,240.5,1015.6,20.8,20,,,,,2023-11-07T06:58:07,2023-11-07T16:24:21,0.81,Partially cloudy,Partly cloudy throughout the day.,partly-cloudy-day,"remote,33345099999"
Kyiv,2023-11-08,9.7,6.1,7.7,9.7,5.3,6.9,6.1,89.9,8.5,100,8.33,rain,0,0,28.1,11.2,334.4,1012.6,82.1,10.6,,,,,2023-11-08T06:59:49,2023-11-08T16:22:47,0.84,"Rain, Partially cloudy",Partly cloudy throughout the day with rain.,rain,"remote,33345099999"
Kyiv,2023-11-09,9.4,4.7,7,7.9,4,5.6,4.9,86.8,0.4,100,4.17,rain,0,0,36.7,13.3,295.6,1015.7,68.2,14,,,,,2023-11-09T07:01:30,2023-11-09T16:21:15,0.87,"Rain, Partially cloudy",Partly cloudy throughout the day with morning rain.,rain,"remote,33345099999"
Kyiv,2023-11-10,11.4,1.6,6.5,11.4,1.6,5.5,3.3,81.1,0,0,0,,0,0,37.4,18,168.5,1018.8,50.2,14.4,,,,,2023-11-10T07:03:11,2023-11-10T16:19:46,0.9,Partially cloudy,Partly cloudy throughout the day.,partly-cloudy-day,"remote,33345099999"
Kyiv,2023-11-11,8.7,6.6,7.5,8.7,4,5.6,5.5,87.7,12,100,4.17,rain,0,0,37.1,14.4,128.5,1006.8,98.6,10.4,,,,,2023-11-11T07:04:52,2023-11-11T16:18:18,0.94,"Rain, Overcast",Cloudy skies throughout the day with late afternoon rain.,rain,"remote,33345099999"
Kyiv,2023-11-12,8.6,6.7,7.7,8.5,3.4,5.8,6.2,90.3,19,100,8.33,rain,0,0,45,18.4,276.5,995.8,99.3,12.7,,,,,2023-11-12T07:06:33,2023-11-12T16:16:52,0.97,"Rain, Overcast",Cloudy skies throughout the day with rain.,rain,"remote,33345099999"
Kyiv,2023-11-13,8.3,4.7,6.3,6.2,1.7,3.6,2.4,76.6,0.3,100,4.17,rain,0,0,46.1,17.3,253.4,1010.6,78.8,20,,,,,2023-11-13T07:08:13,2023-11-13T16:15:28,0,"Rain, Partially cloudy",Partly cloudy throughout the day with morning rain.,rain,"remote,33345099999"
Kyiv,2023-11-14,7.7,0.9,4.8,5.5,0.9,2.9,2.2,83.4,2,100,4.17,rain,0,0,39.2,16.2,211.3,1006.7,78.4,15.7,,,,,2023-11-14T07:09:53,2023-11-14T16:14:06,0.04,"Rain, Partially cloudy",Partly cloudy throughout the day with late afternoon rain.,rain,"remote,33345099999"
Kyiv,2023-11-15,10.9,6.2,8.2,10.9,3.8,6.6,5.8,85.3,1,100,4.17,rain,0,0,31,14.4,246.9,1002.8,79.9,20,,,,,2023-11-15T07:11:33,2023-11-15T16:12:47,0.07,"Rain, Partially cloudy",Partly cloudy throughout the day with morning rain.,rain,"remote,33345099999"
Kyiv,2023-11-16,7.7,1.7,5.2,6.5,-2.3,2.3,3.1,86.5,1.5,100,33.33,rain,0,0,40.7,18,289,1009,96.5,12.3,,,,,2023-11-16T07:13:12,2023-11-16T16:11:30,0.11,"Rain, Overcast",Cloudy skies throughout the day with a chance of rain throughout the day.,rain,"remote,33345099999"
Kyiv,2023-11-17,3.1,0.3,1.9,3.1,-2,0.5,0,87.2,0,0,0,,0,0,33.1,13,336.7,1017,96.3,12.5,,,,,2023-11-17T07:14:50,2023-11-17T16:10:15,0.14,Overcast,Cloudy skies throughout the day.,cloudy,"remote,33345099999"
Kyiv,2023-11-18,2.8,-1.3,1.3,1.6,-5.1,-1.6,-1.5,82.5,0,0,0,,0,0,31,14.4,58.5,1020.2,97,16.3,,,,,2023-11-18T07:16:27,2023-11-18T16:09:02,0.18,Overcast,Cloudy skies throughout the day.,cloudy,"remote,33345099999"
Kyiv,2023-11-19,-1.1,-3,-2.1,-2.1,-6.7,-5.4,-6.2,73.6,0,0,0,,0,0,28.1,11.5,26.1,1019.1,92.6,20,,,,,2023-11-19T07:18:04,2023-11-19T16:07:52,0.22,Overcast,Cloudy skies throughout the day.,cloudy,"remote,33345099999"
Kyiv,2023-11-20,0.7,-3.3,-1.8,-0.8,-6.9,-4.5,-5,78.9,0,0,0,,0,0,27.7,10.4,355.9,1011.8,72.5,20,,,,,2023-11-20T07:19:40,2023-11-20T16:06:45,0.25,Partially cloudy,Partly cloudy throughout the day.,partly-cloudy-day,"remote,33345099999"
Kyiv,2023-11-21,0.1,-3.9,-1.7,0.1,-3.9,-2.1,-4.2,83,0,0,0,"rain,snow",0.2,0,16.2,6.5,89.3,1015.1,74.7,17.5,,,,,2023-11-21T07:21:16,2023-11-21T16:05:39,0.29,Partially cloudy,Partly cloudy throughout the day.,partly-cloudy-day,"remote,33345099999"
Kyiv,2023-11-22,-1.2,-5.3,-2.7,-3.1,-9.9,-6,-5.1,83.9,3.9,100,8.33,"rain,snow",1.9,3.1,28.8,11.2,9.5,1020.9,95.3,12,,,,,2023-11-22T07:22:50,2023-11-22T16:04:37,0.32,"Snow, Rain, Overcast",Cloudy skies throughout the day with rain or snow.,snow,"remote,33345099999"
Kyiv,2023-11-23,2.2,-6.6,-3.7,-2.7,-10.4,-8.1,-7,77.6,2,100,4.17,"rain,snow",0.5,4.3,50.4,21.6,240.9,1012.7,97.8,13.1,,,,,2023-11-23T07:24:23,2023-11-23T16:03:37,0.36,"Snow, Rain, Overcast",Cloudy skies throughout the day with late afternoon rain or snow.,snow,"remote,33345099999"
Kyiv,2023-11-24,5.4,1.1,3.4,1.5,-3.6,-0.8,0.6,82.5,4.5,100,8.33,"rain,snow",0,2,55.8,28.8,253.8,990.3,78.1,16.7,,,,,2023-11-24T07:25:56,2023-11-24T16:02:39,0.39,"Snow, Rain, Partially cloudy",Partly cloudy throughout the day with rain or snow.,rain,"remote,33345099999"
Kyiv,2023-11-25,3.9,-1.1,0.7,2,-2.7,-0.9,-2.2,81.4,0,0,0,,0,0.8,32.4,11.9,237.7,998.1,67.6,17.5,,,,,2023-11-25T07:27:27,2023-11-25T16:01:45,0.43,Partially cloudy,Becoming cloudy in the afternoon.,partly-cloudy-day,"remote,33345099999"
Kyiv,2023-11-26,0.1,-1.9,-0.7,-0.6,-8.1,-4.3,-2.6,87.3,0.6,100,12.5,"rain,snow",1.2,0.6,63.4,25.2,344.5,995.4,98.9,10.5,,,,,2023-11-26T07:28:57,2023-11-26T16:00:53,0.47,"Snow, Rain, Overcast",Cloudy skies throughout the day with late afternoon rain or snow.,snow,"remote,33345099999"
Kyiv,2023-11-27,-2.1,-4.9,-3.3,-8.3,-10.6,-9.7,-6.8,76.5,0.7,100,4.17,snow,3.1,3.7,65.5,26.6,290.2,995.1,87.8,11,,,,,2023-11-27T07:30:25,2023-11-27T16:00:04,0.5,"Snow, Partially cloudy",Partly cloudy throughout the day with late afternoon snow.,snow,"remote,33345099999"
Kyiv,2023-11-28,-0.3,-6.3,-2.6,-0.3,-11.1,-6.4,-6.3,75.8,0.3,100,4.17,snow,0.1,3.4,32.4,14.4,183.7,1004.5,71.9,16.3,,,,,2023-11-28T07:31:52,2023-11-28T15:59:17,0.53,"Snow, Partially cloudy",Partly cloudy throughout the day with late afternoon snow.,snow,"remote,33345099999"
Kyiv,2023-11-29,2.4,-3.2,-0.3,1.5,-9,-4.4,-2.1,88.1,17.7,100,8.33,"rain,snow",2.8,3.8,47.2,18.4,232.9,996.4,98.6,10.7,,,,,2023-11-29T07:33:18,2023-11-29T15:58:34,0.57,"Snow, Rain, Overcast",Cloudy skies throughout the day with rain or snow.,snow,"remote,33345099999"
Kyiv,2023-11-30,0.7,-5.8,-2.7,-3.5,-10.5,-7,-7.2,71.2,0.1,100,4.17,snow,0,3.2,46.4,18.4,231.7,1011.8,69.2,20,,,,,2023-11-30T07:34:42,2023-11-30T15:57:54,0.6,"Snow, Partially cloudy",Partly cloudy throughout the day with early morning snow.,rain,"remote,33345099999"
Kyiv,2023-12-01,0.5,-2,-0.6,-0.1,-5.3,-2.2,-2,90.3,5.4,100,8.33,"rain,snow",2.4,5,23,9.4,234.5,1006,99.8,5.7,,,,,2023-12-01T07:36:05,2023-12-01T15:57:16,0.63,"Snow, Rain, Overcast",Cloudy skies throughout the day with rain or snow.,snow,"remote,33345099999"
Kyiv,2023-12-02,-0.8,-1.5,-1.1,-0.8,-4.7,-2.9,-2.1,93.3,4,100,4.17,"rain,snow",1.2,6.1,29.9,10.8,96.1,1008,99.6,1.9,,,,,2023-12-02T07:37:25,2023-12-02T15:56:42,0.66,"Snow, Rain, Overcast",Cloudy skies throughout the day with late afternoon rain or snow.,snow,"remote,33345099999"
Kyiv,2023-12-03,1.7,-2.6,-0.7,-0.1,-7.6,-4.5,-2.9,85.3,0.5,100,4.17,snow,0,5.7,56.9,21.2,273.4,1007.5,99.6,11.9,,,,,2023-12-03T07:38:44,2023-12-03T15:56:10,0.69,"Snow, Overcast",Cloudy skies throughout the day with late afternoon snow.,rain,"remote,33345099999"
Kyiv,2023-12-04,-0.6,-4.3,-2.6,-2.3,-8.5,-6.1,-5.4,81.5,0.3,100,8.33,snow,0.2,5.6,34.6,14.4,264.4,1022.3,88,17.5,,,,,2023-12-04T07:40:02,2023-12-04T15:55:42,0.73,"Snow, Partially cloudy",Partly cloudy throughout the day with snow.,snow,"remote,33345099999"
Kyiv,2023-12-05,-2.1,-7.3,-3.6,-3.1,-8.7,-5.9,-6.2,82.2,0,0,0,snow,0.1,5.8,23.4,9.4,171.5,1025.5,87,20,,,,,2023-12-05T07:41:17,2023-12-05T15:55:16,0.75,Partially cloudy,Partly cloudy throughout the day.,partly-cloudy-day,"remote,33345099999"
Kyiv,2023-12-06,-1.4,-5.6,-2.9,-2.8,-8.7,-5.8,-4.9,86.1,0.2,100,4.17,snow,0.4,5.9,25.6,10.8,109.4,1024.6,72.4,12.9,,,,,2023-12-06T07:42:30,2023-12-06T15:54:54,0.79,"Snow, Partially cloudy",Partly cloudy throughout the day with morning snow.,snow,"remote,33345099999"
Kyiv,2023-12-07,-3.8,-8.8,-5.6,-6.8,-12.8,-8.8,-7.2,88.6,0.4,100,4.17,snow,0.5,5.9,22.3,8.6,50.4,1026,94.4,7.1,,,,,2023-12-07T07:43:41,2023-12-07T15:54:35,0.82,"Snow, Overcast",Cloudy skies throughout the day with late afternoon snow.,snow,"remote,33345099999"
Kyiv,2023-12-08,-2.1,-3.5,-2.8,-2.4,-6.6,-5,-3.8,92.7,6,100,8.33,snow,2.9,9.3,22,8.3,72.7,1023.3,98,6.3,,,,,2023-12-08T07:44:50,2023-12-08T15:54:20,0.85,"Snow, Overcast",Cloudy skies throughout the day with snow.,snow,"remote,33345099999"
Kyiv,2023-12-09,-2.1,-5.1,-3.3,-2.1,-7.6,-3.6,-4.6,90.7,0,0,0,,0,10.4,18.4,7.2,56.5,1023,98.3,10.3,,,,,2023-12-09T07:45:56,2023-12-09T15:54:07,0.89,Overcast,Cloudy skies throughout the day.,cloudy,"remote,33345099999"
Kyiv,2023-12-10,-1.3,-4.8,-3.3,-1.3,-7.3,-4.5,-4.3,93.1,0.5,100,4.17,snow,0,10.4,17.3,7.2,123.4,1019.9,99.9,2.9,,,,,2023-12-10T07:47:00,2023-12-10T15:53:58,0.92,"Snow, Overcast",Cloudy skies throughout the day with late afternoon snow.,snow,"remote,33345099999"
Kyiv,2023-12-11,-0.3,-1.8,-1.1,-0.8,-5.5,-3.6,-2,93.8,1,100,4.17,"rain,snow",0.4,10.9,25.6,10.8,176.7,1015.7,99.9,1.8,,,,,2023-12-11T07:48:02,2023-12-11T15:53:52,0.95,"Snow, Rain, Overcast",Cloudy skies throughout the day with morning rain or snow.,snow,"remote,33345099999"
Kyiv,2023-12-12,-0.5,-2.9,-1.5,-1.3,-7,-4.1,-2.2,95.1,0.3,100,8.33,"rain,snow",0.5,10.7,23.4,10.8,175.7,1011.8,99,2.3,,,,,2023-12-12T07:49:01,2023-12-12T15:53:49,0.98,"Snow, Rain, Overcast",Cloudy skies throughout the day with late afternoon rain or snow.,snow,"remote,33345099999"
Kyiv,2023-12-13,1.4,-0.6,0.4,1.1,-4,-1.2,0,97,0.4,100,4.17,"rain,snow",0.3,10.2,28.4,11.5,151.1,1012.5,98.5,1.1,,,,,2023-12-13T07:49:58,2023-12-13T15:53:49,0,"Snow, Rain, Overcast",Cloudy skies throughout the day with late afternoon rain or snow.,snow,"remote,33345099999"
Kyiv,2023-12-14,0.8,-3.1,-0.3,0.6,-8.2,-3.8,-1,95.4,23,100,8.33,"rain,snow",7.5,15.5,40,16.2,103.5,1006.6,99.8,2.5,,,,,2023-12-14T07:50:52,2023-12-14T15:53:53,0.05,"Snow, Rain, Overcast",Cloudy skies throughout the day with rain or snow.,snow,"remote,33345099999"
Kyiv,2023-12-15,1,-4.2,-2,-2.2,-9,-5.6,-4.2,84.9,0.4,100,4.17,snow,0,13.8,37.1,14,306.9,1021,88.5,15.5,,,,,2023-12-15T07:51:43,2023-12-15T15:54:00,0.09,"Snow, Partially cloudy",Partly cloudy throughout the day with late afternoon snow.,rain,"remote,33345099999"
Kyiv,2023-12-16,1.6,-3.6,-0.4,-0.7,-7.2,-3.5,-1.9,89.9,2,100,4.17,"rain,snow",0,11.7,29.9,12.6,267.2,1030.3,83.9,12.9,,,,,2023-12-16T07:52:32,2023-12-16T15:54:10,0.12,"Snow, Rain, Partially cloudy",Partly cloudy throughout the day with late afternoon rain or snow.,rain,"remote,33345099999"
Kyiv,2023-12-17,3.9,1.5,2.6,1.1,-2.3,-0.9,1.6,93,2,100,4.17,rain,0,9,38.5,18,263.3,1025.7,98.7,6.6,,,,,2023-12-17T07:53:18,2023-12-17T15:54:24,0.16,"Rain, Overcast",Cloudy skies throughout the day with late afternoon rain.,rain,"remote,33345099999"
Kyiv,2023-12-18,4.7,3.6,4,4.7,0.3,1.4,3.2,94.2,1,100,4.17,rain,0,4.8,33.8,13,271.1,1021.4,99.4,2.5,,,,,2023-12-18T07:54:01,2023-12-18T15:54:41,0.19,"Rain, Overcast",Cloudy skies throughout the day with morning rain.,rain,"remote,33345099999"
Kyiv,2023-12-19,6.4,3.7,4.7,4.9,1.1,2.4,2.9,88.3,0.6,100,4.17,rain,0,2.2,33.1,13.3,243.9,1018,89.5,10.6,,,,,2023-12-19T07:54:41,2023-12-19T15:55:00,0.25,"Rain, Partially cloudy",Partly cloudy throughout the day with morning rain.,rain,"remote,33345099999"
Kyiv,2023-12-20,10.6,5,6.3,10.6,2.4,4.4,0.3,65.7,0,0,0,,0,0.7,29.5,14.4,233.1,1007.8,86.2,20,,,,,2023-12-20T07:55:18,2023-12-20T15:55:24,0.26,Partially cloudy,Partly cloudy throughout the day.,partly-cloudy-day,"remote,33345099999"
Kyiv,2023-12-21,4.7,0.9,2.7,3.7,-2.6,0.3,-0.3,80.9,0,0,0,,0,0,30.6,11.9,233.5,1002,58.8,20,,,,,2023-12-21T07:55:52,2023-12-21T15:55:50,0.3,Partially cloudy,Partly cloudy throughout the day.,partly-cloudy-day,"remote,33345099999"
Kyiv,2023-12-22,2.2,0.7,1.4,1.4,-3,-1.8,-0.5,87.5,2.4,100,8.33,"rain,snow",0,0,33.1,14.4,200.9,987.4,96.5,13.1,,,,,2023-12-22T07:56:23,2023-12-22T15:56:20,0.34,"Snow, Rain, Overcast",Cloudy skies throughout the day with rain or snow.,rain,"remote,33345099999"
Kyiv,2023-12-23,1.4,-0.6,0.2,-1.9,-4.7,-3.4,-2.2,84,0.8,100,4.17,"rain,snow",0.1,0,35.3,14.4,249.2,988.1,81.1,14.9,,,,,2023-12-23T07:56:51,2023-12-23T15:56:52,0.37,"Snow, Rain, Partially cloudy",Partly cloudy throughout the day with late afternoon rain or snow.,snow,"remote,33345099999"
Kyiv,2023-12-24,0.9,-0.9,-0.2,-2.6,-5,-4,-3.3,79.5,0.4,100,12.5,"rain,snow",0.3,0.1,45.4,15.8,273.3,998.8,87.1,17.3,,,,,2023-12-24T07:57:15,2023-12-24T15:57:28,0.41,"Snow, Rain, Partially cloudy",Partly cloudy throughout the day with rain or snow clearing later.,snow,"remote,33345099999"
Kyiv,2023-12-25,7.4,-2.3,3,6.4,-5.5,0.1,1.1,87.4,10,100,8.33,"rain,snow",2.5,1.4,45.7,15.8,235.4,997.5,91,13.7,,,,,2023-12-25T07:57:37,2023-12-25T15:58:07,0.44,"Snow, Rain, Overcast",Cloudy skies throughout the day with rain or snow.,snow,"remote,33345099999"
Kyiv,2023-12-26,10,3.7,6.5,7.5,0.8,3.8,2.2,74,1.8,100,8.33,rain,0,0,47.5,18.7,264.8,1004.5,78.4,17.7,,,,,2023-12-26T07:57:55,2023-12-26T15:58:49,0.48,"Rain, Partially cloudy",Partly cloudy throughout the day with rain.,rain,"remote,33345099999"
Kyiv,2023-12-27,9,2.4,5.1,6.6,-1.5,1.6,0.6,72.8,3,100,8.33,rain,0,0,59.4,23.8,279,1011.2,73,20,,,,,2023-12-27T07:58:11,2023-12-27T15:59:34,0.5,"Rain, Partially cloudy",Partly cloudy throughout the day with rain.,rain,"remote,33345099999"
Kyiv,2023-12-28,4.6,-0.2,1.8,2.8,-3.3,-0.8,-1.9,76.4,0,0,0,,0,0,34.6,14.4,241.4,1020.8,65.5,20,,,,,2023-12-28T07:58:23,2023-12-28T16:00:21,0.55,Partially cloudy,Partly cloudy throughout the day.,partly-cloudy-day,"remote,33345099999"
Kyiv,2023-12-29,7.7,4,5.7,5.8,0.8,3.5,2.8,81.9,0.3,100,8.33,rain,0,0,32,14.4,249.6,1014.2,82.2,20,,,,,2023-12-29T07:58:32,2023-12-29T16:01:12,0.58,"Rain, Partially cloudy",Partly cloudy throughout the day with early morning rain.,rain,"remote,33345099999"
Kyiv,2023-12-30,9.2,3.7,6.4,7.5,0.9,4,2.6,77.4,0.1,100,4.17,rain,0,0,45.7,18,244.8,1011.7,85.8,20,,,,,2023-12-30T07:58:37,2023-12-30T16:02:05,0.61,"Rain, Partially cloudy",Partly cloudy throughout the day with late afternoon rain.,rain,"remote,33345099999"
Kyiv,2023-12-31,5.8,0.4,3.4,2.6,-0.6,0.8,-0.7,74.7,0,0,0,,0,0,43.2,15.8,272.2,1014.7,53.7,20,,,,,2023-12-31T07:58:40,2023-12-31T16:03:02,0.64,Partially cloudy,Partly cloudy throughout the day.,partly-cloudy-day,"remote,33345099999"
Kyiv,2024-01-01,4,-0.8,1.8,2.9,-3.4,0.5,0.2,89.2,0.8,100,25,"rain,snow",0.1,0,20.2,7.9,165.5,1011.2,93.6,12.8,,,,,2024-01-01T07:58:39,2024-01-01T16:04:00,0.67,"Snow, Rain, Overcast",Cloudy skies throughout the day with rain or snow.,snow,"remote,33345099999"
Kyiv,2024-01-02,4.3,-5.6,0,1.6,-10,-4.3,-3.2,79.5,0.9,100,8.33,rain,0,0,52.6,22,285.4,1005.6,95.8,18.3,,,,,2024-01-02T07:58:35,2024-01-02T16:05:02,0.71,"Rain, Overcast",Cloudy skies throughout the day with rain clearing later.,rain,"remote,33345099999"
Kyiv,2024-01-03,-2.1,-6.8,-4.5,-3.1,-10.4,-7.8,-6.3,87,9,100,4.17,snow,5.4,1.9,32.8,13.3,115.4,1005.5,99.4,8.7,,,,,2024-01-03T07:58:28,2024-01-03T16:06:06,0.74,"Snow, Overcast",Cloudy skies throughout the day with late afternoon snow.,snow,"remote,33345099999"
Kyiv,2024-01-04,3.5,-1.1,1,2.5,-3.1,0.7,0.6,97.4,7,100,8.33,"rain,snow",1.2,5.6,19.4,5.4,235.5,996.8,98,1.7,,,,,2024-01-04T07:58:17,2024-01-04T16:07:12,0.75,"Snow, Rain, Overcast",Cloudy skies throughout the day with rain or snow.,snow,"remote,33345099999"
Kyiv,2024-01-05,4.2,-6.3,0.3,2.1,-8.6,-2.3,-1.8,85.9,2,100,8.33,"rain,snow",0,3.5,42.8,18,287.1,1006.1,77.5,11.5,,,,,2024-01-05T07:58:04,2024-01-05T16:08:21,0.8,"Snow, Rain, Partially cloudy",Partly cloudy throughout the day with rain or snow.,rain,"remote,33345099999"
Kyiv,2024-01-06,-0.2,-5.6,-2.4,-0.2,-8.4,-3.9,-5,82.5,0,0,0,,0,2.9,27.4,14.4,134.4,1014.6,88.3,16.3,,,,,2024-01-06T07:57:47,2024-01-06T16:09:32,0.84,Partially cloudy,Partly cloudy throughout the day.,partly-cloudy-day,"remote,33345099999"
Kyiv,2024-01-07,-2.6,-11.1,-7.5,-7.1,-18.9,-13.4,-11.3,74.4,0,0,0,,0,2.8,40.7,18,46.6,1017.9,99.4,17.5,,,,,2024-01-07T07:57:27,2024-01-07T16:10:46,0.87,Overcast,Cloudy skies throughout the day.,cloudy,"remote,33345099999"
Kyiv,2024-01-08,-10.7,-15.6,-12.9,-17.9,-23.5,-20.2,-17.3,70,0,0,0,,0,2.9,41,18,24.4,1024.1,85.6,20,,,,,2024-01-08T07:57:04,2024-01-08T16:12:01,0.9,Partially cloudy,Partly cloudy throughout the day.,partly-cloudy-day,"remote,33345099999"
Kyiv,2024-01-09,-4.8,-14.9,-10.6,-9.3,-22,-15.9,-14.2,75.4,0.2,100,4.17,snow,0,3,30.2,14.4,313.2,1031.5,59,12.3,,,,,2024-01-09T07:56:38,2024-01-09T16:13:19,0.93,"Snow, Partially cloudy",Partly cloudy throughout the day with late afternoon snow.,snow,"remote,33345099999"
Kyiv,2024-01-10,-3.1,-6.8,-4.4,-6.1,-12.2,-8.9,-6,88.1,0.2,100,4.17,snow,0.2,3.2,39.6,15.5,286.9,1025.4,97.3,12.3,,,,,2024-01-10T07:56:08,2024-01-10T16:14:39,0.97,"Snow, Overcast",Cloudy skies throughout the day with late afternoon snow.,snow,"remote,33345099999"
Kyiv,2024-01-11,-1.6,-4.1,-3,-6.3,-10.6,-8,-4.7,88.1,0.2,100,4.17,"rain,snow",0.7,3.5,40.3,25.2,280.3,1012.2,99.9,3.3,,,,,2024-01-11T07:55:36,2024-01-11T16:16:00,0,"Snow, Rain, Overcast",Cloudy skies throughout the day with late afternoon rain or snow.,snow,"remote,33345099999"
Kyiv,2024-01-12,-3.1,-11.9,-9.3,-8.7,-16.6,-13.8,-14.3,67.4,1,100,4.17,snow,0,3.6,46.1,17.3,333.4,1018,48.3,20,,,,,2024-01-12T07:55:01,2024-01-12T16:17:24,0.03,"Snow, Partially cloudy",Partly cloudy throughout the day with morning snow.,snow,"remote,33345099999"
Kyiv,2024-01-13,-7.1,-11.1,-9,-7.6,-16.9,-12,-11,85.2,2.7,100,8.33,snow,2.5,5.1,29.9,11.9,153.4,1011.7,93.7,14.9,,,,,2024-01-13T07:54:23,2024-01-13T16:18:49,0.07,"Snow, Overcast",Cloudy skies throughout the day with snow.,snow,"remote,33345099999"
Kyiv,2024-01-14,-0.9,-9.3,-4,-4.7,-10.3,-7,-5.4,90,2.9,100,8.33,snow,0.7,5.8,33.5,14.4,202.7,1004.7,98.5,6.3,,,,,2024-01-14T07:53:41,2024-01-14T16:20:16,0.1,"Snow, Overcast",Cloudy skies throughout the day with snow.,snow,"remote,33345099999"
Kyiv,2024-01-15,0.1,-3,-1.3,-3.7,-7.4,-5.3,-4.5,79.6,0.2,100,4.17,"rain,snow",0.1,5.7,34.9,14.4,215.8,999.1,82,20,,,,,2024-01-15T07:52:57,2024-01-15T16:21:45,0.14,"Snow, Rain, Partially cloudy",Partly cloudy throughout the day with morning rain or snow.,snow,"remote,33345099999"
Kyiv,2024-01-16,-0.3,-5.8,-2.6,-4,-10.5,-6.6,-7.1,71.4,0,0,0,,0,5.6,46.1,18,260.3,1001.1,60.7,20,,,,,2024-01-16T07:52:10,2024-01-16T16:23:15,0.17,Partially cloudy,Partly cloudy throughout the day.,partly-cloudy-day,"remote,33345099999"
Kyiv,2024-01-17,-3.3,-9.8,-7.7,-6.1,-13.9,-10.7,-11.9,72.2,0,0,0,,0,6,29.2,11.5,211,1016.1,5.7,20,,,,,2024-01-17T07:51:21,2024-01-17T16:24:46,0.21,Clear,Clear conditions throughout the day.,clear-day,"remote,33345099999"
Kyiv,2024-01-18,3.6,-8.1,-0.3,1.1,-13.7,-4,-1.6,91.2,3.5,100,8.33,"rain,snow",1.5,5.8,36.4,18,164.3,1000.5,99.4,11.3,,,,,2024-01-18T07:50:28,2024-01-18T16:26:19,0.25,"Snow, Rain, Overcast",Cloudy skies throughout the day with rain or snow.,snow,"remote,33345099999"
Kyiv,2024-01-19,2.4,-0.8,0.8,2.4,-4.3,-1.9,-1.3,86.4,3,100,4.17,"rain,snow",0,3.1,33.5,14.4,334.9,1005.3,99,14.2,,,,,2024-01-19T07:49:33,2024-01-19T16:27:53,0.28,"Snow, Rain, Overcast",Cloudy skies throughout the day with morning rain or snow.,rain,"remote,33345099999"
Kyiv,2024-01-20,-0.7,-2.8,-1.8,-3.8,-8.5,-5.6,-5.9,73.5,0,0,0,,0,2.4,34.6,18,289.5,1019.8,90.6,20,,,,,2024-01-20T07:48:35,2024-01-20T16:29:29,0.31,Overcast,Cloudy skies throughout the day.,cloudy,"remote,33345099999"
Kyiv,2024-01-21,-0.1,-4.1,-1.8,-2.9,-6.8,-5.1,-4.1,84.5,2.4,100,8.33,"rain,snow",1.5,3.3,31.7,14.4,310.6,1027.9,97.6,14,,,,,2024-01-21T07:47:35,2024-01-21T16:31:05,0.35,"Snow, Rain, Overcast",Cloudy skies throughout the day with rain or snow.,snow,"remote,33345099999"
Kyiv,2024-01-22,-2.2,-6.9,-4,-4.4,-9,-7.1,-7.3,78,0,0,0,,0,3.1,40.7,18,170.4,1035,76.7,20,,,,,2024-01-22T07:46:32,2024-01-22T16:32:43,0.38,Partially cloudy,Partly cloudy throughout the day.,partly-cloudy-day,"remote,33345099999"
Kyiv,2024-01-23,0.5,-2.5,-0.7,-3,-7.8,-5.2,-3.3,82.9,0.9,100,4.17,"rain,snow",0.7,2.8,42.1,25.2,190.7,1024.7,99.7,12.3,,,,,2024-01-23T07:45:26,2024-01-23T16:34:21,0.42,"Snow, Rain, Overcast",Cloudy skies throughout the day with late afternoon rain or snow.,snow,"remote,33345099999"
Kyiv,2024-01-24,2.4,-0.1,0.9,-0.5,-4.9,-2.7,-0.5,91.1,1.4,100,8.33,"rain,snow",1.5,3.3,36.4,18,212.7,1019.2,96,7.1,,,,,2024-01-24T07:44:18,2024-01-24T16:36:00,0.45,"Snow, Rain, Overcast",Cloudy skies throughout the day with rain or snow.,snow,"remote,33345099999"
Kyiv,2024-01-25,4.1,0.9,2.5,0.9,-3,-0.6,1.4,92.3,5,100,8.33,"rain,snow",0.2,2,33.8,14.4,255.1,1004.1,98.7,10.3,,,,,2024-01-25T07:43:07,2024-01-25T16:37:41,0.5,"Snow, Rain, Overcast",Cloudy skies throughout the day with rain or snow.,snow,"remote,33345099999"
Kyiv,2024-01-26,1.8,0.4,1.1,0.7,-2.6,-1.6,0.1,93,2.3,100,8.33,"rain,snow",0.3,0.8,27,10.8,307.8,1010.4,95.9,9.7,,,,,2024-01-26T07:41:55,2024-01-26T16:39:22,0.52,"Snow, Rain, Overcast",Cloudy skies throughout the day with rain or snow.,snow,"remote,33345099999"
Kyiv,2024-01-27,1.6,0.3,0.8,0.6,-2.5,-1.6,-0.5,91.1,0.5,100,4.17,"rain,snow",0.2,0.7,23.4,10.8,323.5,1017.8,96.3,18.3,,,,,2024-01-27T07:40:40,2024-01-27T16:41:03,0.55,"Snow, Rain, Overcast",Cloudy skies throughout the day with morning rain or snow.,snow,"remote,33345099999"
Kyiv,2024-01-28,0.9,-1.1,0.1,-2.3,-6.9,-3.1,-1.7,87.7,0.1,100,4.17,"rain,snow",0.1,0.3,27.4,21.6,347.5,1031.1,98.7,12.8,,,,,2024-01-28T07:39:22,2024-01-28T16:42:46,0.59,"Snow, Rain, Overcast",Cloudy skies throughout the day with early morning snow or rain.,snow,"remote,33345099999"
Kyiv,2024-01-29,1.2,-4.1,-1.5,1.2,-6.1,-2.7,-5,77.7,0,0,0,,0,0,20.9,10.8,334.6,1040.2,70.7,20,,,,,2024-01-29T07:38:03,2024-01-29T16:44:29,0.62,Partially cloudy,Partly cloudy throughout the day.,partly-cloudy-day,"remote,33345099999"
Kyiv,2024-01-30,3.9,-3.6,-0.7,1.1,-6.6,-3.5,-5,72.9,0,0,0,,0,0,24.5,14.4,251.3,1038.3,44.1,20,,,,,2024-01-30T07:36:41,2024-01-30T16:46:12,0.65,Partially cloudy,Partly cloudy throughout the day.,partly-cloudy-day,"remote,33345099999"
Kyiv,2024-01-31,6.9,-1.3,1.5,4.7,-4,-1.3,-4.2,66.7,0,0,0,,0,0,28.1,14.4,252.5,1030.5,80.4,20,,,,,2024-01-31T07:35:17,2024-01-31T16:47:56,0.69,Partially cloudy,Partly cloudy throughout the day.,partly-cloudy-day,"remote,33345099999"
Kyiv,2024-02-01,6.1,0.7,2.9,2.8,-2.4,-0.2,-0.1,81.4,0.4,100,8.33,rain,0,0,40.7,16.6,259.5,1018.8,81.9,18.8,,,,,2024-02-01T07:33:51,2024-02-01T16:49:40,0.72,"Rain, Partially cloudy",Partly cloudy throughout the day with late afternoon rain.,rain,"remote,33345099999"
Kyiv,2024-02-02,3.6,0.6,1.9,0.5,-3.1,-1.6,-2.9,71.2,0,0,0,,0,0,47.5,17.3,286.8,1015.7,71.5,20,,,,,2024-02-02T07:32:23,2024-02-02T16:51:25,0.75,Partially cloudy,Partly cloudy throughout the day.,partly-cloudy-day,"remote,33345099999"
Kyiv,2024-02-03,6.4,0.1,2.6,4.1,-4.2,-1.1,0.7,87.5,3.7,100,8.33,"rain,snow",1.1,0.5,41,18,253.4,1007.2,95.5,14.9,,,,,2024-02-03T07:30:53,2024-02-03T16:53:10,0.75,"Snow, Rain, Overcast",Cloudy skies throughout the day with rain or snow.,snow,"remote,33345099999"
Kyiv,2024-02-04,6.6,2.4,5,4,-1.4,2,0.5,72.8,0.1,100,4.17,rain,0,0,46.1,18,276.3,1003.7,80.9,20,,,,,2024-02-04T07:29:21,2024-02-04T16:54:55,0.82,"Rain, Partially cloudy",Partly cloudy throughout the day with afternoon rain.,rain,"remote,33345099999"
Kyiv,2024-02-05,5.6,0.7,3.2,2,-3.2,-0.9,-0.2,78.9,9,100,8.33,rain,0,0,67,21.6,274.6,996.3,86.7,16,,,,,2024-02-05T07:27:48,2024-02-05T16:56:40,0.85,"Rain, Partially cloudy",Partly cloudy throughout the day with rain.,rain,"remote,33345099999"
Kyiv,2024-02-06,5.9,0.4,2.1,3,-3.1,-0.3,-0.6,82.6,2,100,4.17,rain,0,0,47.2,18,264.2,1002.9,96.7,15.7,,,,,2024-02-06T07:26:12,2024-02-06T16:58:26,0.88,"Rain, Overcast",Cloudy skies throughout the day with late afternoon rain.,rain,"remote,33345099999"
Kyiv,2024-02-07,9.7,2.7,6.8,6.4,-0.3,3.6,2.6,74.7,2,100,4.17,rain,0,0,54.4,28.8,251.4,996.6,97,20,,,,,2024-02-07T07:24:35,2024-02-07T17:00:12,0.92,"Rain, Overcast",Cloudy skies throughout the day with late afternoon rain.,rain,"remote,33345099999"
Kyiv,2024-02-08,3.3,-1.6,1.3,1.1,-2.1,-0.7,-1.8,80.1,0.4,100,4.17,"rain,snow",0,0,37.1,14.8,286.6,1004.5,96.8,20,,,,,2024-02-08T07:22:56,2024-02-08T17:01:57,0.95,"Snow, Rain, Overcast",Cloudy skies throughout the day with morning rain or snow.,rain,"remote,33345099999"
Kyiv,2024-02-09,-0.3,-2.3,-1.2,-3.2,-5.3,-4.3,-2.3,92.5,7.7,100,8.33,"rain,snow",4.9,4.6,27.4,10.4,100.8,1006.3,99,5.7,,,,,2024-02-09T07:21:16,2024-02-09T17:03:43,0.98,"Snow, Rain, Overcast",Cloudy skies throughout the day with rain or snow.,snow,"remote,33345099999"
Kyiv,2024-02-10,0.7,-1.6,-0.6,0.1,-5.8,-3.7,-1.3,95.4,11,100,8.33,"rain,snow",1.1,7.9,29.5,14.4,112.3,1006.8,100,2.2,,,,,2024-02-10T07:19:34,2024-02-10T17:05:29,0,"Snow, Rain, Overcast",Cloudy skies throughout the day with rain or snow.,snow,"remote,33345099999"
Kyiv,2024-02-11,3.1,0.1,1.7,1.6,-2.3,-0.3,1.5,99,0.1,100,4.17,rain,0,6.1,25.6,10.8,122.6,1007.2,100,0.3,,,,,2024-02-11T07:17:50,2024-02-11T17:07:14,0.05,"Rain, Overcast",Cloudy skies throughout the day with afternoon rain.,rain,"remote,33345099999"
Kyiv,2024-02-12,7.3,1.9,4.9,7.3,1.9,4.7,4.5,97.9,0.2,100,8.33,rain,0,3.5,15.8,7.2,133.8,1004.8,99.9,0.8,,,,,2024-02-12T07:16:05,2024-02-12T17:09:00,0.08,"Rain, Overcast",Cloudy skies throughout the day with late afternoon rain.,rain,"remote,33345099999"
Kyiv,2024-02-13,9.2,3.4,6.7,9.2,3.4,6.5,5.6,93.2,1,100,4.17,rain,0,1.8,24.5,7.2,136.7,1008,98.6,5.9,,,,,2024-02-13T07:14:18,2024-02-13T17:10:46,0.12,"Rain, Overcast",Cloudy skies throughout the day with late afternoon rain.,rain,"remote,33345099999"
Kyiv,2024-02-14,6.3,2.7,4.5,6.3,-0.3,2.4,3.8,95.5,5.3,100,8.33,rain,0,0.9,25.6,14.4,337.7,1015.8,100,1.3,,,,,2024-02-14T07:12:30,2024-02-14T17:12:31,0.15,"Rain, Overcast",Cloudy skies throughout the day with rain.,rain,"remote,33345099999"
Kyiv,2024-02-15,2.8,1.6,2.1,2.2,-2,-0.3,1.2,94,0.1,100,4.17,rain,0,0,25.2,14.4,348.4,1024.6,100,4.7,,,,,2024-02-15T07:10:41,2024-02-15T17:14:16,0.19,"Rain, Overcast",Cloudy skies throughout the day with early morning rain.,rain,"remote,33345099999"
Kyiv,2024-02-16,3.3,0.6,2.2,3.2,-0.9,1.7,1.2,93,0,0,0,,0,0,17.3,6.8,80.7,1028.6,99.8,2.7,,,,,2024-02-16T07:08:50,2024-02-16T17:16:02,0.25,Overcast,Cloudy skies throughout the day.,cloudy,"remote,33345099999"
Kyiv,2024-02-17,2,-1.1,0.7,0.6,-3.2,-1.4,-0.5,92.1,0,0,0,,0,0,26.6,10.4,179.3,1027.6,98.6,2.6,,,,,2024-02-17T07:06:58,2024-02-17T17:17:47,0.26,Overcast,Cloudy skies throughout the day.,cloudy,"remote,33345099999"
Kyiv,2024-02-18,4.7,-0.6,2.1,3.2,-4.3,-1,-1,80.8,1.2,100,8.33,"rain,snow",0,0,40.7,15.8,325.2,1027,92.8,15.7,,,,,2024-02-18T07:05:05,2024-02-18T17:19:31,0.29,"Snow, Rain, Overcast",Cloudy skies throughout the day with rain or snow.,rain,"remote,33345099999"
Kyiv,2024-02-19,2.4,-3.2,-1,2.4,-5.5,-2.2,-7.6,62.1,0,0,0,,0,0,19.4,7.2,92.6,1029.7,64.6,20,,,,,2024-02-19T07:03:10,2024-02-19T17:21:16,0.32,Partially cloudy,Partly cloudy throughout the day.,partly-cloudy-day,"remote,33345099999"
Kyiv,2024-02-20,-0.3,-3.8,-1.4,-2.9,-6.9,-5.2,-4.3,80.7,0.6,100,4.17,"rain,snow",1.1,0.2,37.4,18,168.2,1024.1,95.8,14,,,,,2024-02-20T07:01:15,2024-02-20T17:23:00,0.36,"Snow, Rain, Overcast",Cloudy skies throughout the day with late afternoon rain or snow.,snow,"remote,33345099999"
Kyiv,2024-02-21,6,0.2,3.3,4.9,-2.9,1.8,1.8,90.5,2.8,100,8.33,rain,0,0.3,29.2,10.4,239.7,1020,95,6,,,,,2024-02-21T06:59:18,2024-02-21T17:24:44,0.39,"Rain, Overcast",Cloudy skies throughout the day with rain.,rain,"remote,33345099999"
Kyiv,2024-02-22,9.6,1.7,5.5,8,-0.5,4,2.7,82.9,0.2,100,4.17,rain,0,0,30.6,18,184.2,1015.8,93,14,,,,,2024-02-22T06:57:20,2024-02-22T17:26:28,0.43,"Rain, Overcast",Cloudy skies throughout the day with morning rain.,rain,"remote,33345099999"
Kyiv,2024-02-23,8.5,3.9,6,6.1,0.1,3.1,3.2,82.2,0.4,100,8.33,rain,0,0,44.6,21.6,160.2,1013.9,99.2,20,,,,,2024-02-23T06:55:21,2024-02-23T17:28:12,0.46,"Rain, Overcast",Cloudy skies throughout the day with rain.,rain,"remote,33345099999"
Kyiv,2024-02-24,10.1,5.1,7.5,10.1,2.3,5.3,3.9,78.2,0.6,100,4.17,rain,0,0,45.4,17.6,147.5,1018.2,98.1,18.6,,,,,2024-02-24T06:53:22,2024-02-24T17:29:55,0.5,"Rain, Overcast",Cloudy skies throughout the day with morning rain.,rain,"remote,33345099999"
Kyiv,2024-02-25,7.6,3.1,5.8,5.4,1.1,3.2,2.1,77.6,2,100,4.17,rain,0,0,38.2,15.1,146.6,1021,99.9,18,,,,,2024-02-25T06:51:21,2024-02-25T17:31:38,0.53,"Rain, Overcast",Cloudy skies throughout the day with late afternoon rain.,rain,"remote,33345099999"
Kyiv,2024-02-26,7.9,2.2,4.3,5.7,-1.6,1.4,0,74.1,0,0,0,,0,0,33.5,14.4,136.3,1020.4,73.1,20,,,,,2024-02-26T06:49:19,2024-02-26T17:33:21,0.56,Partially cloudy,Partly cloudy throughout the day.,partly-cloudy-day,"remote,33345099999"
Kyiv,2024-02-27,8.4,-0.8,2.9,6.5,-3.4,0.8,-1.4,74.5,0,0,0,,0,0,29.2,11.2,135.9,1024.6,58.8,20,,,,,2024-02-27T06:47:17,2024-02-27T17:35:04,0.6,Partially cloudy,Partly cloudy throughout the day.,partly-cloudy-day,"remote,33345099999"
Kyiv,2024-02-28,9.2,-0.1,3.5,7.5,-2.6,1.6,-1.5,70.7,0,0,0,,0,0,29.9,11.9,147.3,1025.7,77.9,20,,,,,2024-02-28T06:45:13,2024-02-28T17:36:46,0.63,Partially cloudy,Partly cloudy throughout the day.,partly-cloudy-day,"remote,33345099999"
Kyiv,2024-02-29,11.7,0.4,5.3,11.7,-2,4.2,-0.2,68.4,0,0,0,,0,0,24.8,10.8,169.2,1024.8,65.2,20,,,,,2024-02-29T06:43:09,2024-02-29T17:38:28,0.66,Partially cloudy,Partly cloudy throughout the day.,partly-cloudy-day,"remote,33345099999"
Kyiv,2024-03-01,9.9,0.9,4.5,8.3,0.3,3.6,-1,68.7,0,0,0,,0,0,27.7,10.8,120.8,1023.8,56.9,17.1,,,,,2024-03-01T06:41:05,2024-03-01T17:40:09,0.7,Partially cloudy,Partly cloudy throughout the day.,partly-cloudy-day,"remote,33345099999"
Kyiv,2024-03-02,8.2,-1.1,3.3,7,-2.7,1.9,-1.9,70.3,0,0,0,,0,0,28.8,10.8,93.8,1021.6,37.5,16.3,,,,,2024-03-02T06:38:59,2024-03-02T17:41:51,0.73,Partially cloudy,Partly cloudy throughout the day.,partly-cloudy-day,"remote,33345099999"
Kyiv,2024-03-03,5.6,-0.7,1.9,2.8,-3.1,-0.3,-2,76.6,0,0,0,,0,0,34.2,14.4,95.9,1019.4,67.8,14.8,,,,,2024-03-03T06:36:53,2024-03-03T17:43:32,0.75,Partially cloudy,Partly cloudy throughout the day.,partly-cloudy-day,"remote,33345099999"
Kyiv,2024-03-04,8.7,-1.2,2.9,7.6,-3.5,1.3,-1.2,75.7,0,0,0,,0,0,28.4,10.8,119.6,1019.3,76.9,17.5,,,,,2024-03-04T06:34:46,2024-03-04T17:45:13,0.8,Partially cloudy,Partly cloudy throughout the day.,partly-cloudy-day,"remote,33345099999"
Kyiv,2024-03-05,9.4,0.1,4.7,8.4,0.1,3.9,-0.5,70.4,0,0,0,,0,0,23.4,8.3,70.4,1018.2,68.2,20,,,,,2024-03-05T06:32:38,2024-03-05T17:46:53,0.83,Partially cloudy,Partly cloudy throughout the day.,partly-cloudy-day,"remote,33345099999"
Kyiv,2024-03-06,4.6,-0.8,2.3,2.5,-4.3,-0.2,-2,73.3,0.2,100,8.33,rain,0,0,29.5,11.5,46.9,1022.2,94.6,17.5,,,,,2024-03-06T06:30:30,2024-03-06T17:48:34,0.87,"Rain, Overcast",Cloudy skies throughout the day with rain in the morning and afternoon.,rain,"remote,33345099999"
Kyiv,2024-03-07,0.8,-3.3,-0.8,0.8,-4.4,-2.4,-5.5,70.6,0,0,0,,0,0,25.9,10.4,33.6,1025.6,82.3,20,,,,,2024-03-07T06:28:22,2024-03-07T17:50:14,0.9,Partially cloudy,Partly cloudy throughout the day.,partly-cloudy-day,"remote,33345099999"
Kyiv,2024-03-08,7.1,-4,0.9,6.9,-4,0.1,-6.6,59.7,0,0,0,,0,0,22.7,8.3,282.4,1021.6,3.2,20,,,,,2024-03-08T06:26:13,2024-03-08T17:51:53,0.93,Clear,Clear conditions throughout the day.,clear-day,"remote,33345099999"
Kyiv,2024-03-09,7.8,-1.4,2.6,7.1,-3.4,1.6,-4.6,60.1,0,0,0,,0,0,17.3,10.8,325.6,1018.5,16.4,20,,,,,2024-03-09T06:24:03,2024-03-09T17:53:33,0.97,Clear,Clear conditions throughout the day.,clear-day,"remote,33345099999"
Kyiv,2024-03-10,7.9,-1.5,2.5,5.8,-4.6,1,-4.6,60.6,0,0,0,,0,0,30.6,12.6,19.9,1019.4,4.9,20,,,,,2024-03-10T06:21:53,2024-03-10T17:55:12,0,Clear,Clear conditions throughout the day.,clear-day,"remote,33345099999"
Kyiv,2024-03-11,4.7,-4.5,-0.4,2.1,-8.3,-3.7,-8.8,54.9,0,0,0,,0,0,37.1,14.4,112.4,1027.2,20.1,20,,,,,2024-03-11T06:19:43,2024-03-11T17:56:51,0.03,Partially cloudy,Partly cloudy throughout the day.,partly-cloudy-day,"remote,33345099999"
Kyiv,2024-03-12,3.2,-2.3,0.2,0,-4.6,-2.7,-4.4,71.9,5,100,4.17,"rain,snow",0.1,0,32.8,13,120.2,1023.7,99.2,14.3,,,,,2024-03-12T06:17:32,2024-03-12T17:58:30,0.07,"Snow, Rain, Overcast",Cloudy skies throughout the day with late afternoon rain or snow.,snow,"remote,33345099999"
Kyiv,2024-03-13,3.7,-0.6,1.6,3.7,-4.1,-1.1,-2.1,77.6,2,100,4.17,"rain,snow",0.8,1.7,34.6,13,102.1,1019.8,97.8,14.7,,,,,2024-03-13T06:15:21,2024-03-13T18:00:08,0.1,"Snow, Rain, Overcast",Cloudy skies throughout the day with morning rain or snow.,snow,"remote,33345099999"
Kyiv,2024-03-14,4.9,0.8,2.8,4.9,-0.7,1.9,-1.6,73.4,0.4,100,4.17,rain,0,1.2,19.8,7.2,57.1,1019.2,90,20,,,,,2024-03-14T06:13:10,2024-03-14T18:01:47,0.14,"Rain, Partially cloudy",Partly cloudy throughout the day with late afternoon rain.,rain,"remote,33345099999"
Kyiv,2024-03-15,7.2,1.4,3.9,7.2,1.4,3.8,1,81.4,0.1,100,4.17,rain,0,0.5,17.3,6.5,67.1,1020.4,97.2,14.3,,,,,2024-03-15T06:10:58,2024-03-15T18:03:25,0.17,"Rain, Overcast",Cloudy skies throughout the day with late afternoon rain.,rain,"remote,33345099999"
Kyiv,2024-03-16,8.6,3.4,5.7,8.6,3.4,5.6,3,83,0,0,0,,0,0,15.8,7.2,167.9,1020.4,91.1,14,,,,,2024-03-16T06:08:46,2024-03-16T18:05:03,0.2,Overcast,Cloudy skies throughout the day.,cloudy,"remote,33345099999"
Kyiv,2024-03-17,12.1,4.9,7.5,12.1,2.6,6.5,4.6,82.5,0.8,100,4.17,rain,0,0,39.2,14.4,217.7,1016.2,87.9,10.3,,,,,2024-03-17T06:06:34,2024-03-17T18:06:41,0.25,"Rain, Partially cloudy",Partly cloudy throughout the day with late afternoon rain.,rain,"remote,33345099999"
Kyiv,2024-03-18,4.5,0.9,2.9,4.2,-2.1,0.8,1.5,90.3,16,100,8.33,"rain,snow",0,0,29.9,10.8,319.4,1013.7,99.6,10,,,,,2024-03-18T06:04:22,2024-03-18T18:08:18,0.27,"Snow, Rain, Overcast",Cloudy skies throughout the day with rain or snow.,rain,"remote,33345099999"
Kyiv,2024-03-19,5.9,0.9,3,5.9,-2.3,1.4,0.2,82.7,4,100,4.17,"rain,snow",0,0,32.4,12.6,135.8,1014.5,88.1,14.3,,,,,2024-03-19T06:02:10,2024-03-19T18:09:56,0.3,"Snow, Rain, Partially cloudy",Partly cloudy throughout the day with morning rain or snow.,rain,"remote,33345099999"
Kyiv,2024-03-20,4.9,0.6,2.3,3.2,-1.6,0.1,1.3,93.4,8,100,4.17,rain,0,0,29.9,14.4,350.1,1020.1,82.5,9.4,,,,,2024-03-20T05:59:57,2024-03-20T18:11:33,0.34,"Rain, Partially cloudy",Partly cloudy throughout the day with late afternoon rain.,rain,"remote,33345099999"
Kyiv,2024-03-21,10.4,1.3,5.8,10.4,0.5,5.1,1.7,77,2,100,4.17,rain,0,0,22,7.6,27.9,1021.2,50.4,20,,,,,2024-03-21T05:57:45,2024-03-21T18:13:10,0.37,"Rain, Partially cloudy",Partly cloudy throughout the day with morning rain.,rain,"remote,33345099999"
Kyiv,2024-03-22,11.4,1.6,7,11.4,1.6,6.9,0.8,66.8,0,0,0,,0,0,16.2,7.2,235.7,1018.4,54.8,17.5,,,,,2024-03-22T05:55:32,2024-03-22T18:14:47,0.4,Partially cloudy,Becoming cloudy in the afternoon.,partly-cloudy-day,"remote,33345099999"
Kyiv,2024-03-23,13.6,5.9,9.4,13.6,3.9,8.6,3.5,66.9,0,0,0,,0,0,34.2,14.4,215.4,1009.6,99.1,20,,,,,2024-03-23T05:53:19,2024-03-23T18:16:24,0.44,Overcast,Cloudy skies throughout the day.,cloudy,"remote,33345099999"
Kyiv,2024-03-24,10.5,4.9,7.7,10.5,3,6.4,4.7,81,1,100,4.17,rain,0,0,43.2,14.4,211.7,1003.2,99.7,20,,,,,2024-03-24T05:51:07,2024-03-24T18:18:01,0.47,"Rain, Overcast",Cloudy skies throughout the day with late afternoon rain.,rain,"remote,33345099999"
Kyiv,2024-03-25,7.4,2.6,4.9,7.1,1.7,3.6,1,76.9,0.5,100,4.17,rain,0,0,31,14.4,26.4,1004.7,95,17.5,,,,,2024-03-25T05:48:54,2024-03-25T18:19:37,0.5,"Rain, Overcast",Cloudy skies throughout the day with late afternoon rain.,rain,"remote,33345099999"
Kyiv,2024-03-26,9.4,3.1,5.8,7.6,0.1,3.7,0.1,68,1,100,4.17,rain,0,0,42.1,18,358.2,1010,64.9,20,,,,,2024-03-26T05:46:42,2024-03-26T18:21:14,0.54,"Rain, Partially cloudy",Partly cloudy throughout the day with morning rain.,rain,"remote,33345099999"
Kyiv,2024-03-27,11.9,1,6.1,11.9,1,5.3,0.9,71.8,0,0,0,,0,0,33.8,14,134.7,1014.8,13.5,20,,,,,2024-03-27T05:44:29,2024-03-27T18:22:50,0.57,Clear,Clear conditions throughout the day.,clear-day,"remote,33345099999"
Kyiv,2024-03-28,15.9,4.1,9.6,15.9,1.9,8.5,3.6,67.9,0.3,100,4.17,rain,0,0,47.9,19.1,146.6,1008.1,75.8,,,,,,2024-03-28T05:42:17,2024-03-28T18:24:27,0.61,"Rain, Partially cloudy",Partly cloudy throughout the day with late afternoon rain.,rain,remote
Kyiv,2024-03-29,12,7.5,9.8,12,6.7,9.4,6.6,80.6,3.7,100,20.83,rain,0,0,34.2,13.7,252.7,1007.5,62.4,,,,,,2024-03-29T05:40:05,2024-03-29T18:26:03,0.64,"Rain, Partially cloudy",Partly cloudy throughout the day with rain in the morning and afternoon.,rain,remote
Kyiv,2024-03-30,20.1,5.3,12.6,20.1,5.3,12.5,5.6,64.2,0,0,0,,0,0,32.8,12.2,188.4,1015.1,66.5,,,,,,2024-03-30T05:37:53,2024-03-30T18:27:39,0.68,Partially cloudy,Partly cloudy throughout the day.,partly-cloudy-day,remote
Kyiv,2024-03-31,24.6,10.9,17.1,24.6,10.9,17.1,8.7,59.8,0,0,0,,0,0,35.3,13.3,170.2,1013.7,30.4,,,,,,2024-03-31T06:35:41,2024-03-31T19:29:16,0.71,Partially cloudy,Becoming cloudy in the afternoon.,partly-cloudy-day,remote
Kyiv,2024-04-01,24.8,10.8,17.4,24.8,10.8,17.4,9.2,59.7,0,0,0,,0,0,29.9,11.5,174.2,1009.4,65.2,20,,,,,2024-04-01T06:33:30,2024-04-01T19:30:52,0.74,Partially cloudy,Becoming cloudy in the afternoon.,partly-cloudy-day,"remote,33345099999"
Kyiv,2024-04-02,25.7,12.7,17.1,25.7,12.7,17.1,9.4,62.6,0.4,100,8.33,rain,0,0,77.4,20.2,186.4,1000,65.3,16.7,,,,,2024-04-02T06:31:19,2024-04-02T19:32:28,0.75,"Rain, Partially cloudy",Partly cloudy throughout the day with late afternoon rain.,rain,"33345099999,remote"
Kyiv,2024-04-03,15.6,8.6,11.8,15.6,5.7,10.9,4,60.2,0.1,100,4.17,rain,0,0,64.8,28.8,249,1003.3,89.9,20,,,,,2024-04-03T06:29:08,2024-04-03T19:34:04,0.81,"Rain, Partially cloudy",Partly cloudy throughout the day with early morning rain.,rain,"remote,33345099999"
Kyiv,2024-04-04,11.9,5.9,8.9,11.9,3.5,7.8,0.8,57.3,0,0,0,,0,0,42.1,16.9,289.1,1013,63.1,20,,,,,2024-04-04T06:26:57,2024-04-04T19:35:40,0.85,Partially cloudy,Partly cloudy throughout the day.,partly-cloudy-day,"33345099999,remote"
Kyiv,2024-04-05,16.3,2.1,9.1,16.3,2.1,9,2.8,66.5,0.2,100,4.17,rain,0,0,23.4,9,160,1018.5,57.9,20,,,,,2024-04-05T06:24:47,2024-04-05T19:37:16,0.88,"Rain, Partially cloudy",Partly cloudy throughout the day with late afternoon rain.,rain,"33345099999,remote"
Kyiv,2024-04-06,18.8,8.4,12.8,18.8,8.4,12.7,8.3,76.4,0.8,100,4.17,rain,0,0,39.6,15.1,252.9,1016.5,84.2,20,,,,,2024-04-06T06:22:37,2024-04-06T19:38:52,0.92,"Rain, Partially cloudy",Partly cloudy throughout the day with late afternoon rain.,rain,"33345099999,remote"
Kyiv,2024-04-07,17.1,8.5,12.9,17.1,8,12.8,8,74.4,0,0,0,,0,0,21.6,10.8,313.5,1020.6,38.5,17.5,,,,,2024-04-07T06:20:28,2024-04-07T19:40:28,0.95,Partially cloudy,Partly cloudy throughout the day.,partly-cloudy-day,"33345099999,remote"
Kyiv,2024-04-08,23.1,8.3,15.8,23.1,8.3,15.8,7.4,61.5,0,0,0,,0,0,23,10.8,222.9,1022.2,69.7,20,,,,,2024-04-08T06:18:19,2024-04-08T19:42:04,0,Partially cloudy,Partly cloudy throughout the day.,partly-cloudy-day,"33345099999,remote"
Kyiv,2024-04-09,24.8,11.9,18.7,24.8,11.9,18.7,5.3,43.8,0,0,0,,0,0,33.5,14.4,209.9,1018.4,31.6,20,,,,,2024-04-09T06:16:11,2024-04-09T19:43:40,0.02,Partially cloudy,Becoming cloudy in the afternoon.,partly-cloudy-day,"33345099999,remote"
Kyiv,2024-04-10,25.9,12,19.7,25.9,12,19.7,6,42.4,0,0,0,,0,0,27,14.4,214,1019.3,4.5,20,,,,,2024-04-10T06:14:03,2024-04-10T19:45:16,0.05,Clear,Clear conditions throughout the day.,clear-day,"33345099999,remote"
Kyiv,2024-04-11,23.2,13.6,18.1,23.2,13.6,18.1,7.9,51.9,0,0,0,,0,0,32.8,14.4,317.3,1024.3,51.3,20,,,,,2024-04-11T06:11:56,2024-04-11T19:46:52,0.09,Partially cloudy,Partly cloudy throughout the day.,partly-cloudy-day,"33345099999,remote"
Kyiv,2024-04-12,19.6,9.2,14.8,19.6,8.1,14.8,3.5,47.6,0,0,0,,0,0,37.4,14.4,309.5,1025.4,15.8,20,,,,,2024-04-12T06:09:49,2024-04-12T19:48:28,0.12,Clear,Clear conditions throughout the day.,clear-day,"remote,33345099999"
Kyiv,2024-04-13,19.1,11,14.9,19.1,11,14.9,6.6,58.9,0,0,0,,0,0,38.9,15.1,290.4,1020,83.5,20,,,,,2024-04-13T06:07:43,2024-04-13T19:50:04,0.15,Partially cloudy,Partly cloudy throughout the day.,partly-cloudy-day,"33345099999,remote"
Kyiv,2024-04-14,20.9,10.4,16,20.9,10.4,16,7.7,59.5,0,0,0,,0,0,38.2,14.8,262.3,1014.4,85.3,20,,,,,2024-04-14T06:05:38,2024-04-14T19:51:40,0.18,Partially cloudy,Partly cloudy throughout the day.,partly-cloudy-day,"33345099999,remote"
Kyiv,2024-04-15,16.1,8.7,12.1,16.1,8.7,12.1,6.4,69.2,3.3,100,8.33,rain,0,0,44.6,14.4,284.3,1010,85.6,20,,,,,2024-04-15T06:03:33,2024-04-15T19:53:16,0.25,"Rain, Partially cloudy",Partly cloudy throughout the day with rain.,rain,"33345099999,remote"
Kyiv,2024-04-16,18.2,7.3,11.8,18.2,7.3,11.7,8.9,83.6,7,100,4.17,rain,0,0,31.3,14.4,181.8,1002.9,96.3,14,,,,,2024-04-16T06:01:29,2024-04-16T19:54:51,0.25,"Rain, Overcast",Cloudy skies throughout the day with morning rain.,rain,"33345099999,remote"
Kyiv,2024-04-17,12.4,6.9,8.7,12.4,5,7.6,5.9,82.8,15,100,8.33,rain,0,0,40.3,16.2,354.5,1001.5,98.4,13,,,,,2024-04-17T05:59:26,2024-04-17T19:56:27,0.28,"Rain, Overcast",Cloudy skies throughout the day with rain.,rain,"33345099999,remote"
Kyiv,2024-04-18,7.9,5.7,7.2,7.6,3.1,5.5,5.4,88.3,9,100,8.33,rain,0,0,40.3,15.1,345.6,1000.3,99,6.3,,,,,2024-04-18T05:57:24,2024-04-18T19:58:03,0.32,"Rain, Overcast",Cloudy skies throughout the day with rain.,rain,"33345099999,remote"
Kyiv,2024-04-19,10.2,3.6,6.9,10.2,2.3,4.6,2.9,76.6,7,100,8.33,rain,0,0,50.8,19.1,263.1,1004.7,78.3,14.9,,,,,2024-04-19T05:55:23,2024-04-19T19:59:39,0.35,"Rain, Partially cloudy",Partly cloudy throughout the day with rain.,rain,"33345099999,remote"
Kyiv,2024-04-20,13.6,0.2,8,13.6,0,7.8,1.2,64.9,0,0,0,,0,0,25.2,9.7,144.6,1014.6,50.1,14.8,,,,,2024-04-20T05:53:22,2024-04-20T20:01:14,0.38,Partially cloudy,Partly cloudy throughout the day.,partly-cloudy-day,"33345099999,remote"
Kyiv,2024-04-21,10.2,5.5,7.6,10.2,1.8,5.2,5.5,87.1,26,100,8.33,rain,0,0,52.9,25.2,344.8,1005.3,100,7.7,,,,,2024-04-21T05:51:23,2024-04-21T20:02:50,0.41,"Rain, Overcast",Cloudy skies throughout the day with rain.,rain,"33345099999,remote"
Kyiv,2024-04-22,12.6,4.4,8.1,12.6,1.1,6.4,3.3,72.7,1,100,4.17,rain,0,0,52.6,20.9,263.1,1013.8,95.7,18.6,,,,,2024-04-22T05:49:24,2024-04-22T20:04:25,0.45,"Rain, Overcast",Cloudy skies throughout the day with morning rain.,rain,"33345099999,remote"
Kyiv,2024-04-23,14.2,6.5,10.2,14.2,6.5,10.2,5.2,72.1,0.3,100,4.17,rain,0,0,24.1,8.6,202.8,1021.3,80.8,18.8,,,,,2024-04-23T05:47:26,2024-04-23T20:06:01,0.48,"Rain, Partially cloudy",Partly cloudy throughout the day with morning rain.,rain,"33345099999,remote"
Kyiv,2024-04-24,12.2,8.7,10.2,12.2,6.6,9.7,8.5,89,9,100,8.33,rain,0,0,42.8,14.4,113.9,1008.5,95.6,14,,,,,2024-04-24T05:45:30,2024-04-24T20:07:36,0.5,"Rain, Overcast",Cloudy skies throughout the day with rain.,rain,"33345099999,remote"
Kyiv,2024-04-25,19.1,7.9,13.4,19.1,7.9,13.4,9.9,80.8,0.1,100,4.17,rain,0,0,20.5,10.8,131.5,1006.3,77.9,12.7,,,,,2024-04-25T05:43:34,2024-04-25T20:09:11,0.55,"Rain, Partially cloudy",Partly cloudy throughout the day with afternoon rain.,rain,"33345099999,remote"
Kyiv,2024-04-26,14.2,10,11.9,14.2,9.2,11.9,9.1,83.4,0.7,100,8.33,rain,0,0,31.3,14.4,334.1,1009.8,93.5,14,,,,,2024-04-26T05:41:40,2024-04-26T20:10:46,0.58,"Rain, Overcast",Cloudy skies throughout the day with afternoon rain.,rain,"33345099999,remote"
Kyiv,2024-04-27,17.8,8.8,13.2,17.8,7.6,13,5,60.7,0,0,0,,0,0,25.6,10.8,350,1020.4,52.9,20,,,,,2024-04-27T05:39:46,2024-04-27T20:12:21,0.62,Partially cloudy,Becoming cloudy in the afternoon.,partly-cloudy-day,"33345099999,remote"
Kyiv,2024-04-28,19.9,8.7,14.5,19.9,8.7,14.5,4,52.6,0,0,0,,0,0,28.1,14.4,19.7,1026,34.6,20,,,,,2024-04-28T05:37:54,2024-04-28T20:13:55,0.65,Partially cloudy,Partly cloudy throughout the day.,partly-cloudy-day,"33345099999,remote"
Kyiv,2024-04-29,20.7,10.2,15.6,20.7,10.2,15.6,3.2,45.5,0,0,0,,0,0,34.2,13,34.5,1030.2,6.6,20,,,,,2024-04-29T05:36:03,2024-04-29T20:15:29,0.69,Clear,Clear conditions throughout the day.,clear-day,"33345099999,remote"
Kyiv,2024-04-30,22.2,8.9,16.1,22.2,8.9,16.1,4.1,47,0,0,0,,0,0,27.7,9.7,101.9,1033,0,20,,,,,2024-04-30T05:34:14,2024-04-30T20:17:03,0.73,Clear,Clear conditions throughout the day.,clear-day,"33345099999,remote"
Kyiv,2024-05-01,24.5,10.2,17.8,24.5,10.2,17.8,5.1,46.9,0,0,0,,0,0,13.3,4.3,147.4,1025.3,0,20,,,,,2024-05-01T05:32:26,2024-05-01T20:18:37,0.75,Clear,Clear conditions throughout the day.,clear-day,"33345099999,remote"
Kyiv,2024-05-02,25.1,10.6,19.1,25.1,10.6,19.1,4.6,41.6,0,0,0,,0,0,27,10.8,342.2,1016.2,3.5,20,,,,,2024-05-02T05:30:39,2024-05-02T20:20:11,0.8,Clear,Clear conditions throughout the day.,clear-day,"remote,33345099999"
Kyiv,2024-05-03,20.6,12.2,16.3,20.6,12.2,16.3,5,47.7,0,0,0,,0,0,34.2,13,46,1013,37,20,,,,,2024-05-03T05:28:53,2024-05-03T20:21:44,0.83,Partially cloudy,Partly cloudy throughout the day.,partly-cloudy-day,"33345099999,remote"
Kyiv,2024-05-04,18.1,7.2,13.3,18.1,7.2,13.3,1.6,47.1,0,0,0,,0,0,24.1,10.8,70.9,1016.2,5.5,20,,,,,2024-05-04T05:27:09,2024-05-04T20:23:16,0.87,Clear,Clear conditions throughout the day.,clear-day,"33345099999,remote"
Kyiv,2024-05-05,23.9,9.4,16.5,23.9,8.6,16.4,3.8,44.1,0,0,0,,0,0,44.6,17.3,247.4,1012,43.5,20,,,,,2024-05-05T05:25:27,2024-05-05T20:24:49,0.9,Partially cloudy,Partly cloudy throughout the day.,partly-cloudy-day,"33345099999,remote"
Kyiv,2024-05-06,25.5,13,18.7,25.5,13,18.7,7.7,51.4,4,100,4.17,rain,0,0,44.6,16.2,243.9,1008.7,79.4,18.8,,,,,2024-05-06T05:23:46,2024-05-06T20:26:21,0.94,"Rain, Partially cloudy",Partly cloudy throughout the day with late afternoon rain.,rain,"33345099999,remote"
Kyiv,2024-05-07,19.3,9.4,15.2,19.3,7.2,15,9.3,68.7,0.3,100,4.17,rain,0,0,51.5,18.4,299.5,1008.4,78.7,20,,,,,2024-05-07T05:22:06,2024-05-07T20:27:52,0.97,"Rain, Partially cloudy",Partly cloudy throughout the day with morning rain.,rain,"33345099999,remote"
Kyiv,2024-05-08,16.3,4.8,10.7,16.3,4.7,10.3,0.9,54.1,0,0,0,,0,0,37.8,10.8,349.4,1021.3,30.3,20,,,,,2024-05-08T05:20:28,2024-05-08T20:29:23,0,Partially cloudy,Partly cloudy throughout the day.,partly-cloudy-day,"33345099999,remote"
Kyiv,2024-05-09,14.5,5.9,10.4,14.5,4,10,-2,45.3,0,0,0,,0,0,26.3,14.4,22.6,1024.2,53,20,,,,,2024-05-09T05:18:52,2024-05-09T20:30:53,0.04,Partially cloudy,Clearing in the afternoon.,partly-cloudy-day,"33345099999,remote"
Kyiv,2024-05-10,19.7,5.5,13.3,19.7,5.5,13.3,0.3,42.2,0,0,0,,0,0,32,11.5,259.5,1020.8,60.1,20,,,,,2024-05-10T05:17:18,2024-05-10T20:32:23,0.07,Partially cloudy,Partly cloudy throughout the day.,partly-cloudy-day,"33345099999,remote"
Kyiv,2024-05-11,17.4,10.2,13.7,17.4,10.2,13.7,3.7,52.7,0,0,0,,0,0,42.8,16.6,330.6,1015.2,75.6,20,,,,,2024-05-11T05:15:45,2024-05-11T20:33:52,0.1,Partially cloudy,Partly cloudy throughout the day.,partly-cloudy-day,"33345099999,remote"
Kyiv,2024-05-12,11.8,5.7,9.1,11.8,5.7,8.8,0.2,54.8,0,0,0,,0,0,34.6,18,2.9,1019.9,72.6,20,,,,,2024-05-12T05:14:15,2024-05-12T20:35:20,0.14,Partially cloudy,Partly cloudy throughout the day.,partly-cloudy-day,"33345099999,remote"
Kyiv,2024-05-13,10.4,5,8,10.4,4.9,7.3,0.1,58.8,0.1,100,4.17,rain,0,0,36.4,14.4,29.4,1020.7,73.4,20,,,,,2024-05-13T05:12:46,2024-05-13T20:36:48,0.17,"Rain, Partially cloudy",Partly cloudy throughout the day with afternoon rain.,rain,"33345099999,remote"
Kyiv,2024-05-14,13.4,2.8,8.9,13.4,2.7,8.8,-0.5,53.6,0,0,0,,0,0,27.4,10.8,57.3,1021.1,49.6,20,,,,,2024-05-14T05:11:19,2024-05-14T20:38:14,0.2,Partially cloudy,Partly cloudy throughout the day.,partly-cloudy-day,"33345099999,remote"
Kyiv,2024-05-15,15.6,5.2,11,15.6,3.5,10.9,-1.6,43,0,0,0,,0,0,33.5,11.9,63.9,1024,45.2,20,,,,,2024-05-15T05:09:53,2024-05-15T20:39:40,0.25,Partially cloudy,Becoming cloudy in the afternoon.,partly-cloudy-day,"33345099999,remote"
Kyiv,2024-05-16,17.4,8,12.8,17.4,8,12.8,0.5,44.3,0,0,0,,0,0,23.4,8.3,81.2,1025.8,67.4,20,,,,,2024-05-16T05:08:30,2024-05-16T20:41:05,0.27,Partially cloudy,Partly cloudy throughout the day.,partly-cloudy-day,"33345099999,remote"
Kyiv,2024-05-17,21.7,7,15,21.7,7,15,1.6,42.8,0,0,0,,0,0,22,7.2,286.7,1022.3,14.5,20,,,,,2024-05-17T05:07:09,2024-05-17T20:42:29,0.3,Clear,Clear conditions throughout the day.,clear-day,"33345099999,remote"
Kyiv,2024-05-18,23.7,11.4,18.2,23.7,11.4,18.2,4.6,42,0.1,100,4.17,rain,0,0,24.8,9.4,277.4,1017.5,57.9,20,,,,,2024-05-18T05:05:50,2024-05-18T20:43:52,0.33,"Rain, Partially cloudy",Partly cloudy throughout the day with late afternoon rain.,rain,"33345099999,remote"
Kyiv,2024-05-19,24.6,12.1,18.1,24.6,12.1,18.1,6.5,48.1,0.1,100,4.17,rain,0,0,31,14.4,265.8,1016,59.5,20,,,,,2024-05-19T05:04:34,2024-05-19T20:45:14,0.36,"Rain, Partially cloudy",Partly cloudy throughout the day with afternoon rain.,rain,"33345099999,remote"
Kyiv,2024-05-20,26,12.4,19.9,26,12.4,19.9,7,46.1,0,0,0,,0,0,33.1,12.2,163.8,1015.8,28,20,,,,,2024-05-20T05:03:19,2024-05-20T20:46:35,0.4,Partially cloudy,Partly cloudy throughout the day.,partly-cloudy-day,"33345099999,remote"
Kyiv,2024-05-21,25.7,12.7,19.8,25.7,12.7,19.8,9.2,52.3,0.1,100,4.17,rain,0,0,26.6,10.8,168,1017.5,72.8,20,,,,,2024-05-21T05:02:07,2024-05-21T20:47:54,0.43,"Rain, Partially cloudy",Partly cloudy throughout the day with afternoon rain.,rain,"33345099999,remote"
Kyiv,2024-05-22,26.7,15.4,20.6,26.7,15.4,20.6,9.9,51.9,0.1,100,4.17,rain,0,0,33.8,12.2,110.2,1016.8,91.8,20,,,,,2024-05-22T05:00:56,2024-05-22T20:49:12,0.46,"Rain, Overcast",Cloudy skies throughout the day with morning rain.,rain,"33345099999,remote"
Kyiv,2024-05-23,26.8,16.2,21.1,26.6,16.2,21.1,10.6,53.2,8,100,4.17,rain,0,0,35.6,12.6,77.5,1017.8,71.1,20,,,,,2024-05-23T04:59:49,2024-05-23T20:50:29,0.5,"Rain, Partially cloudy",Partly cloudy throughout the day with late afternoon rain.,rain,"33345099999,remote"
Kyiv,2024-05-24,26.4,15.1,21,26.4,15.1,21,10.4,53.2,0.2,100,8.33,rain,0,0,42.1,14.8,91.4,1022.9,29.1,20,,,,,2024-05-24T04:58:43,2024-05-24T20:51:45,0.53,"Rain, Partially cloudy",Partly cloudy throughout the day with afternoon rain.,rain,"33345099999,remote"
Kyiv,2024-05-25,24.1,13.2,19.4,24.1,13.2,19.4,3.4,37.8,0,0,0,,0,0,36,13,108.4,1025.6,0.7,20,,,,,2024-05-25T04:57:40,2024-05-25T20:52:59,0.56,Clear,Clear conditions throughout the day.,clear-day,"33345099999,remote"
Kyiv,2024-05-26,25.2,12.3,19.4,25.2,12.3,19.4,2.8,35.7,0,0,0,,0,0,32.4,10.8,58.9,1023.6,33.3,20,,,,,2024-05-26T04:56:40,2024-05-26T20:54:11,0.6,Partially cloudy,Becoming cloudy in the afternoon.,partly-cloudy-day,"33345099999,remote"
Kyiv,2024-05-27,27.4,14.5,21.7,26.7,14.5,21.6,5,35.7,0,0,0,,0,0,38.9,14.4,66.4,1021.8,63.4,20,,,,,2024-05-27T04:55:42,2024-05-27T20:55:22,0.64,Partially cloudy,Partly cloudy throughout the day.,partly-cloudy-day,"remote,33345099999"
Kyiv,2024-05-28,26.1,16.4,21.2,26.1,16.4,21.2,8.3,44.7,0.4,100,4.17,rain,0,0,38.9,13.3,104.7,1018.8,75.6,20,,,,,2024-05-28T04:54:46,2024-05-28T20:56:31,0.67,"Rain, Partially cloudy",Partly cloudy throughout the day with morning rain.,rain,"33345099999,remote"
Kyiv,2024-05-29,26.6,15.6,21.1,26.6,15.6,21.1,7.6,42.9,0,0,0,,0,0,39.6,14.8,97.7,1014.1,80.5,20,,,,,2024-05-29T04:53:53,2024-05-29T20:57:39,0.71,Partially cloudy,Partly cloudy throughout the day.,partly-cloudy-day,"33345099999,remote"
Kyiv,2024-05-30,21.7,14.9,18.2,21.7,14.9,18.2,12.6,70.5,2,100,4.17,rain,0,0,33.5,10.8,148.4,1010.3,91.8,18.6,,,,,2024-05-30T04:53:03,2024-05-30T20:58:45,0.75,"Rain, Overcast",Cloudy skies throughout the day with morning rain.,rain,"33345099999,remote"
Kyiv,2024-05-31,22.5,13.4,18.2,22.5,13.4,18.2,13.3,74.6,0.9,100,4.17,rain,0,0,35.6,12.6,158.8,1011.9,74.4,16,,,,,2024-05-31T04:52:15,2024-05-31T20:59:49,0.78,"Rain, Partially cloudy",Partly cloudy throughout the day with late afternoon rain.,rain,"33345099999,remote"
Kyiv,2024-06-01,28.9,15.4,21.7,28.4,15.4,21.7,15.5,71,0.6,100,4.17,rain,0,0,45.7,11.9,161.1,1013.3,69.8,14,,,,,2024-06-01T04:51:30,2024-06-01T21:00:51,0.82,"Rain, Partially cloudy",Partly cloudy throughout the day with late afternoon rain.,rain,"33345099999,remote"
Kyiv,2024-06-02,25.8,17.7,21,25.8,17.7,21,16.7,77.6,16,100,4.17,rain,0,0,40.7,21.6,207.9,1012.5,60.3,18.6,,,,,2024-06-02T04:50:48,2024-06-02T21:01:51,0.85,"Rain, Partially cloudy",Partly cloudy throughout the day with morning rain.,rain,"33345099999,remote"
Kyiv,2024-06-03,25.1,15.4,20.6,25.1,15.4,20.6,13.3,65.1,0,0,0,,0,0,38.9,14.4,255.7,1012.5,40.7,20,,,,,2024-06-03T04:50:08,2024-06-03T21:02:49,0.89,Partially cloudy,Partly cloudy throughout the day.,partly-cloudy-day,"33345099999,remote"
Kyiv,2024-06-04,28.4,17.4,22.3,28.9,17.4,22.4,15.2,65.7,0.1,100,4.17,rain,0,0,22.3,8.3,205.4,1011.3,78.6,20,,,,,2024-06-04T04:49:31,2024-06-04T21:03:44,0.92,"Rain, Partially cloudy",Partly cloudy throughout the day with morning rain.,rain,"remote,33345099999"
Kyiv,2024-06-05,25.6,16.2,21.1,25.6,16.2,21.1,14.7,69.1,2.2,100,4.17,rain,0,0,40,14.4,230.5,1009.7,73.5,20,,,,,2024-06-05T04:48:57,2024-06-05T21:04:38,0.96,"Rain, Partially cloudy",Partly cloudy throughout the day with early morning rain.,rain,"33345099999,remote"
Kyiv,2024-06-06,26.2,16.5,21.4,26.2,16.5,21.4,13.6,63.8,0,0,0,,0,0,43.6,16.2,286.9,1011.9,55.8,20,,,,,2024-06-06T04:48:26,2024-06-06T21:05:29,0,Partially cloudy,Partly cloudy throughout the day.,partly-cloudy-day,"33345099999,remote"
Kyiv,2024-06-07,27.1,16.7,21.9,26.7,16.7,21.9,13.1,59.7,0,0,0,,0,0,28.4,10.8,290.3,1015.6,39.9,20,,,,,2024-06-07T04:47:58,2024-06-07T21:06:19,0.03,Partially cloudy,Becoming cloudy in the afternoon.,partly-cloudy-day,"33345099999,remote"
Kyiv,2024-06-08,23.9,16.2,20.6,23.9,16.2,20.6,15.4,73,0.6,100,4.17,rain,0,0,29.9,11.2,272.1,1013.2,57.2,20,,,,,2024-06-08T04:47:32,2024-06-08T21:07:05,0.06,"Rain, Partially cloudy",Partly cloudy throughout the day with late afternoon rain.,rain,"33345099999,remote"
Kyiv,2024-06-09,27.1,13.8,21.1,26.8,13.8,21.1,11.9,57.6,1,100,4.17,rain,0,0,27.4,9.7,186.4,1011,48.9,18.8,,,,,2024-06-09T04:47:10,2024-06-09T21:07:50,0.09,"Rain, Partially cloudy",Becoming cloudy in the afternoon with late afternoon rain.,rain,"33345099999,remote"
Kyiv,2024-06-10,27.2,18.3,22.4,28.2,18.3,22.5,18.1,77.7,0.8,100,4.17,rain,0,0,35.3,10.8,176,1007.6,90.5,18.6,,,,,2024-06-10T04:46:50,2024-06-10T21:08:32,0.12,"Rain, Overcast",Cloudy skies throughout the day with morning rain.,rain,"33345099999,remote"
Kyiv,2024-06-11,27.6,19.7,22.8,28.6,19.7,22.8,18.4,77.1,2.4,100,8.33,rain,0,0,34.6,18,196.6,1006.1,87.3,17.5,,,,,2024-06-11T04:46:33,2024-06-11T21:09:11,0.16,"Rain, Partially cloudy",Partly cloudy throughout the day with rain.,rain,"33345099999,remote"
Kyiv,2024-06-12,20.9,15.7,18.2,20.9,15.7,18.2,16.3,88.5,50,100,8.33,rain,0,0,51.1,19.8,295.9,1008.1,95.3,13,,,,,2024-06-12T04:46:19,2024-06-12T21:09:48,0.19,"Rain, Overcast",Cloudy skies throughout the day with rain.,rain,"33345099999,remote"
Kyiv,2024-06-13,23.1,13.1,18.4,23.1,13.1,18.4,10.7,62.3,0,0,0,,0,0,30.2,11.2,325.3,1014.3,64,20,,,,,2024-06-13T04:46:08,2024-06-13T21:10:22,0.22,Partially cloudy,Partly cloudy throughout the day.,partly-cloudy-day,"33345099999,remote"
Kyiv,2024-06-14,22.2,16.4,19.2,22.2,16.4,19.2,13.9,72.1,0.7,100,8.33,rain,0,0,19.1,7.2,60,1012.3,95.1,20,,,,,2024-06-14T04:46:00,2024-06-14T21:10:54,0.25,"Rain, Overcast",Cloudy skies throughout the day with rain.,rain,"33345099999,remote"
Kyiv,2024-06-15,20.7,16.4,18.4,20.7,16.4,18.4,16.6,89.7,27,100,8.33,rain,0,0,31.7,11.5,13,1011.3,98.4,16,,,,,2024-06-15T04:45:55,2024-06-15T21:11:22,0.29,"Rain, Overcast",Cloudy skies throughout the day with rain.,rain,"remote,33345099999"
Kyiv,2024-06-16,21,17.2,18.8,21,17.2,18.8,16.8,88.4,8,100,8.33,rain,0,0,31.3,11.5,8.8,1010.1,98.4,8.6,,,,,2024-06-16T04:45:53,2024-06-16T21:11:49,0.32,"Rain, Overcast",Cloudy skies throughout the day with rain.,rain,"33345099999,remote"
Kyiv,2024-06-17,25.7,17.2,21.2,25.7,17.2,21.2,16.1,74.1,3,100,4.17,rain,0,0,38.9,13.3,287.4,1010.1,85.1,14,,,,,2024-06-17T04:45:54,2024-06-17T21:12:12,0.35,"Rain, Partially cloudy",Partly cloudy throughout the day with late afternoon rain.,rain,"33345099999,remote"
Kyiv,2024-06-18,28.5,18.1,23.3,27.7,18.1,23.2,14.1,59.1,0,0,0,,0,0,30.2,11.2,288.8,1016.2,40.3,20,,,,,2024-06-18T04:45:57,2024-06-18T21:12:32,0.38,Partially cloudy,Partly cloudy throughout the day.,partly-cloudy-day,"33345099999,remote"
Kyiv,2024-06-19,30,18.6,24.7,29.5,18.6,24.7,15.1,56.4,0,0,0,,0,0,32,14.4,203.2,1017.1,67.2,20,,,,,2024-06-19T04:46:04,2024-06-19T21:12:50,0.41,Partially cloudy,Partly cloudy throughout the day.,partly-cloudy-day,"33345099999,remote"
Kyiv,2024-06-20,23.2,17.8,21.3,23.2,17.8,21.3,12.7,59.5,0.2,100,4.17,rain,0,0,66.2,24.8,296.8,1014.2,57.8,20,,,,,2024-06-20T04:46:13,2024-06-20T21:13:05,0.45,"Rain, Partially cloudy",Partly cloudy throughout the day with morning rain.,rain,"33345099999,remote"
Kyiv,2024-06-21,24.8,14.7,20.2,24.8,14.7,20.2,10.6,55.6,0,0,0,,0,0,32.4,11.9,285.6,1018.2,22.9,20,,,,,2024-06-21T04:46:25,2024-06-21T21:13:17,0.48,Partially cloudy,Partly cloudy throughout the day.,partly-cloudy-day,"33345099999,remote"
Kyiv,2024-06-22,28.1,14.8,22.5,27.7,14.8,22.4,12.5,55.7,0,0,0,,0,0,19.1,7.2,249.9,1013.1,33.1,20,,,,,2024-06-22T04:46:40,2024-06-22T21:13:26,0.5,Partially cloudy,Partly cloudy throughout the day.,partly-cloudy-day,"33345099999,remote"
Kyiv,2024-06-23,26.6,19.4,21.8,26.6,19.4,21.8,17.1,75.2,28,100,4.17,rain,0,0,34.9,13.3,277,1009.9,62.9,20,,,,,2024-06-23T04:46:58,2024-06-23T21:13:32,0.55,"Rain, Partially cloudy",Partly cloudy throughout the day with late afternoon rain.,rain,"33345099999,remote"
Kyiv,2024-06-24,22,15.8,19.2,22,15.8,19.2,13.5,70.1,0.3,100,4.17,rain,0,0,39.2,14,296.7,1012.8,51,20,,,,,2024-06-24T04:47:19,2024-06-24T21:13:35,0.58,"Rain, Partially cloudy",Partly cloudy throughout the day with afternoon rain.,rain,"33345099999,remote"
Kyiv,2024-06-25,25.4,15.4,20.6,25.4,15.4,20.6,12.6,63.6,0,0,0,,0,0,38.2,14.4,345.7,1016.1,51.2,20,,,,,2024-06-25T04:47:42,2024-06-25T21:13:35,0.62,Partially cloudy,Partly cloudy throughout the day.,partly-cloudy-day,"33345099999,remote"
Kyiv,2024-06-26,26.8,15,21.9,26.7,15,21.8,11.7,55,0,0,0,,0,0,25.6,10.8,346.9,1017.8,20.4,20,,,,,2024-06-26T04:48:08,2024-06-26T21:13:33,0.66,Partially cloudy,Partly cloudy throughout the day.,partly-cloudy-day,"33345099999,remote"
Kyiv,2024-06-27,29.2,18.8,24.5,29,18.8,24.4,14.4,55.1,0,0,0,,0,0,26.3,8.6,17.1,1015.2,46.8,20,,,,,2024-06-27T04:48:37,2024-06-27T21:13:27,0.69,Partially cloudy,Partly cloudy throughout the day.,partly-cloudy-day,"33345099999,remote"
Kyiv,2024-06-28,28.5,18.4,24.1,28.1,18.4,24,14.7,58.7,0,0,0,,0,0,21.2,7.2,114,1016.5,33.4,20,,,,,2024-06-28T04:49:08,2024-06-28T21:13:18,0.73,Partially cloudy,Partly cloudy throughout the day.,partly-cloudy-day,"33345099999,remote"
Kyiv,2024-06-29,30.5,17.7,25.2,29.8,17.7,25,14.7,54.2,0,0,0,,0,0,15.5,7.2,239.5,1016.8,23.8,20,,,,,2024-06-29T04:49:42,2024-06-29T21:13:06,0.75,Partially cloudy,Partly cloudy throughout the day.,partly-cloudy-day,"33345099999,remote"
Kyiv,2024-06-30,31.9,19.7,26.8,31.2,19.7,26.6,15.6,52.8,0,0,0,,0,0,23.4,10.8,199.6,1015.1,36.4,20,,,,,2024-06-30T04:50:18,2024-06-30T21:12:52,0.8,Partially cloudy,Partly cloudy throughout the day.,partly-cloudy-day,"33345099999,remote"
Kyiv,2024-07-01,33.1,20.4,27.3,32.1,20.4,27.1,15.4,51,0,0,0,,0,0,34.2,14.4,185.8,1010.9,24.4,20,,,,,2024-07-01T04:50:57,2024-07-01T21:12:34,0.84,Partially cloudy,Partly cloudy throughout the day.,partly-cloudy-day,"33345099999,remote"
Kyiv,2024-07-02,32.5,21.4,26.4,31.3,21.4,26.1,15.1,52.5,0.1,100,4.17,rain,0,0,42.5,18,179.4,1004.5,76.1,20,,,,,2024-07-02T04:51:39,2024-07-02T21:12:14,0.87,"Rain, Partially cloudy",Partly cloudy throughout the day with late afternoon rain.,rain,"33345099999,remote"
Kyiv,2024-07-03,25.4,20.3,22.5,25.4,20.3,22.5,18.9,80.4,0,0,0,,0,0,33.5,14.4,354.1,1003.2,94.9,20,,,,,2024-07-03T04:52:22,2024-07-03T21:11:50,0.91,Overcast,Cloudy skies throughout the day.,cloudy,"33345099999,remote"
Kyiv,2024-07-04,28.8,18.4,23.2,30.2,18.4,23.5,18.6,77.6,0.2,100,8.33,rain,0,0,30.2,10.8,280.4,1004.2,84,17.5,,,,,2024-07-04T04:53:08,2024-07-04T21:11:24,0.94,"Rain, Partially cloudy",Partly cloudy throughout the day with afternoon rain.,rain,"33345099999,remote"
Kyiv,2024-07-05,24.5,17.8,20.9,24.5,17.8,20.9,14.3,68.5,1.1,100,4.17,rain,0,0,38.5,14,305.5,1009.7,77,20,,,,,2024-07-05T04:53:57,2024-07-05T21:10:54,0.98,"Rain, Partially cloudy",Partly cloudy throughout the day with early morning rain.,rain,"33345099999,remote"
Kyiv,2024-07-06,26.2,15.5,21.3,26.2,15.5,21.3,10.6,53.9,0,0,0,,0,0,20.2,7.9,328.8,1017.5,15.6,20,,,,,2024-07-06T04:54:47,2024-07-06T21:10:22,0,Clear,Clear conditions throughout the day.,clear-day,"33345099999,remote"
Kyiv,2024-07-07,27.3,15.7,22.3,27,15.7,22.3,11.6,52.4,0,0,0,,0,0,28.4,10.8,123.3,1019.5,50.4,20,,,,,2024-07-07T04:55:40,2024-07-07T21:09:47,0.05,Partially cloudy,Becoming cloudy in the afternoon.,partly-cloudy-day,"33345099999,remote"
Kyiv,2024-07-08,29.2,17.4,23.7,28.3,17.4,23.5,13.1,53.7,0,0,0,,0,0,17.3,5.4,90.3,1017.8,63.5,20,,,,,2024-07-08T04:56:35,2024-07-08T21:09:09,0.08,Partially cloudy,Partly cloudy throughout the day.,partly-cloudy-day,"33345099999,remote"
Kyiv,2024-07-09,31.5,18.6,25.8,30.8,18.6,25.5,13.8,49.8,0,0,0,,0,0,29.9,14.4,7.3,1018.5,27.6,20,,,,,2024-07-09T04:57:31,2024-07-09T21:08:29,0.11,Partially cloudy,Partly cloudy throughout the day.,partly-cloudy-day,"33345099999,remote"
Kyiv,2024-07-10,32.3,21.6,27,32.9,21.6,27.6,18.8,62.5,0.2,100,8.33,rain,0,0,32.4,11.5,20.2,1019.7,53.3,20,,,,,2024-07-10T04:58:30,2024-07-10T21:07:45,0.14,"Rain, Partially cloudy",Partly cloudy throughout the day with rain.,rain,"33345099999,remote"
Kyiv,2024-07-11,33.6,21.7,28.1,34.6,21.7,28.7,18.9,60.3,0,0,0,,0,0,20.5,7.2,83,1018.6,22.5,20,,,,,2024-07-11T04:59:31,2024-07-11T21:06:59,0.18,Partially cloudy,Partly cloudy throughout the day.,partly-cloudy-day,"33345099999,remote"
Kyiv,2024-07-12,34.9,22.9,29.4,35.6,22.9,30,18.5,54.1,0,0,0,,0,0,18,7.2,149.9,1015.4,33.8,20,,,,,2024-07-12T05:00:33,2024-07-12T21:06:10,0.21,Partially cloudy,Partly cloudy throughout the day.,partly-cloudy-day,"33345099999,remote"
Kyiv,2024-07-13,36,24.7,30.2,36.1,24.7,30.5,17.4,48.7,0,0,0,,0,0,27,9.7,165.1,1012.7,11.1,20,,,,,2024-07-13T05:01:37,2024-07-13T21:05:19,0.24,Clear,Clear conditions throughout the day.,clear-day,"remote,33345099999"
Kyiv,2024-07-14,36.7,23.1,29.9,36.5,23.1,29.9,16.2,46.1,0,0,0,,0,0,26.6,10.8,183,1013.1,10.8,20,,,,,2024-07-14T05:02:43,2024-07-14T21:04:25,0.25,Clear,Clear conditions throughout the day.,clear-day,"remote,33345099999"
Kyiv,2024-07-15,35.9,21.9,29.3,35.6,21.9,29.7,17.5,51.8,0,0,0,,0,0,17.6,7.2,184.4,1014.1,24.6,20,,,,,2024-07-15T05:03:50,2024-07-15T21:03:28,0.3,Partially cloudy,Partly cloudy throughout the day.,partly-cloudy-day,"33345099999,remote"
Kyiv,2024-07-16,35.9,23.9,29.2,37,23.9,30.4,19.8,59.4,38,100,4.17,rain,0,0,75.6,28.8,126.6,1015,46.5,16.4,,,,,2024-07-16T05:04:59,2024-07-16T21:02:29,0.34,"Rain, Partially cloudy",Partly cloudy throughout the day with late afternoon rain.,rain,"33345099999,remote"
Kyiv,2024-07-17,35.4,22.2,28.4,36.9,22.2,29.6,21,66.7,3,100,4.17,rain,0,0,34.2,14.4,232.8,1015.9,52.9,18.6,,,,,2024-07-17T05:06:10,2024-07-17T21:01:27,0.37,"Rain, Partially cloudy",Partly cloudy throughout the day with late afternoon rain.,rain,"remote,33345099999"
Kyiv,2024-07-18,30.9,21.1,25.6,33.6,21.1,26.5,21.3,78.3,4,100,8.33,rain,0,0,33.5,13.3,307.3,1016.9,72.6,18.3,,,,,2024-07-18T05:07:22,2024-07-18T21:00:23,0.4,"Rain, Partially cloudy",Partly cloudy throughout the day with rain.,rain,"33345099999,remote"
Kyiv,2024-07-19,27.7,19.6,23.6,27.7,19.6,23.6,16.9,68.4,0,0,0,,0,0,32.8,14.4,338.9,1016.2,62.5,17.5,,,,,2024-07-19T05:08:35,2024-07-19T20:59:16,0.43,Partially cloudy,Partly cloudy throughout the day.,partly-cloudy-day,"33345099999,remote"
Kyiv,2024-07-20,28.1,18.1,23.7,27.5,18.1,23.6,14,56.3,0,0,0,,0,0,25.9,8.3,331.9,1012.6,31.9,20,,,,,2024-07-20T05:09:50,2024-07-20T20:58:08,0.47,Partially cloudy,Partly cloudy throughout the day.,partly-cloudy-day,"33345099999,remote"
Kyiv,2024-07-21,29.1,17.9,24.3,28.7,17.9,24.1,14.5,56.7,0,0,0,,0,0,17.3,5.8,177.7,1010.3,88.8,20,,,,,2024-07-21T05:11:06,2024-07-21T20:56:56,0.5,Partially cloudy,Partly cloudy throughout the day.,partly-cloudy-day,"33345099999,remote"
Kyiv,2024-07-22,28.5,20.9,24.2,28.5,20.9,24.3,16.5,63.4,2,100,4.17,rain,0,0,38.5,10.8,40.4,1010.3,68.7,20,,,,,2024-07-22T05:12:23,2024-07-22T20:55:43,0.53,"Rain, Partially cloudy",Partly cloudy throughout the day with late afternoon rain.,rain,"33345099999,remote"
Kyiv,2024-07-23,27.8,17.4,23.1,27.2,17.4,23.1,14.8,63,0,0,0,,0,0,29.2,11.2,349.4,1011.8,30,17.5,,,,,2024-07-23T05:13:41,2024-07-23T20:54:27,0.57,Partially cloudy,Becoming cloudy in the afternoon.,partly-cloudy-day,"33345099999,remote"
Kyiv,2024-07-24,27.1,18.9,23.3,27.4,18.9,23.4,15.6,63.2,0,0,0,,0,0,25.9,9.4,61.6,1010.4,58.6,20,,,,,2024-07-24T05:15:00,2024-07-24T20:53:09,0.6,Partially cloudy,Partly cloudy throughout the day.,partly-cloudy-day,"remote,33345099999"
Kyiv,2024-07-25,26.8,15.9,21.9,26.5,15.9,21.9,11.2,52,0,0,0,,0,0,28.4,10.8,101.1,1008.9,74.7,20,,,,,2024-07-25T05:16:20,2024-07-25T20:51:49,0.64,Partially cloudy,Partly cloudy throughout the day.,partly-cloudy-day,"33345099999,remote"
Kyiv,2024-07-26,28.7,18.2,23.8,27.9,18.2,23.6,13,52.7,1,100,4.17,rain,0,0,25.2,8.6,75.1,1009.7,89.9,20,,,,,2024-07-26T05:17:42,2024-07-26T20:50:26,0.68,"Rain, Partially cloudy",Partly cloudy throughout the day with late afternoon rain.,rain,"33345099999,remote"
Kyiv,2024-07-27,29.4,18,23.4,28.9,18,23.4,16.2,66,1,100,8.33,rain,0,0,37.4,11.5,291.8,1015.6,56.4,20,,,,,2024-07-27T05:19:04,2024-07-27T20:49:02,0.71,"Rain, Partially cloudy",Partly cloudy throughout the day with rain.,rain,"33345099999,remote"
Kyiv,2024-07-28,29.7,18.4,24.4,29.3,18.4,24.3,16,63,0,0,0,,0,0,25.2,10.8,245.5,1015.9,47.5,20,,,,,2024-07-28T05:20:26,2024-07-28T20:47:36,0.75,Partially cloudy,Partly cloudy throughout the day.,partly-cloudy-day,"33345099999,remote"
Kyiv,2024-07-29,24.2,14.9,20.4,24.2,14.9,20.4,11.5,58.6,1,100,4.17,rain,0,0,58.3,21.6,278.4,1010.9,61.5,20,,,,,2024-07-29T05:21:50,2024-07-29T20:46:08,0.78,"Rain, Partially cloudy",Partly cloudy throughout the day with morning rain.,rain,"33345099999,remote"
Kyiv,2024-07-30,22.5,16.2,18.7,22.5,16.2,18.7,13.5,72,2.9,100,8.33,rain,0,0,52.2,20.5,299.4,1007.4,88.6,20,,,,,2024-07-30T05:23:15,2024-07-30T20:44:37,0.82,"Rain, Partially cloudy",Partly cloudy throughout the day with rain.,rain,"33345099999,remote"
Kyiv,2024-07-31,25.3,15.5,20.5,25.3,15.5,20.5,12.5,62.7,0,0,0,,0,0,37.4,13.7,306.3,1011.4,48.2,20,,,,,2024-07-31T05:24:40,2024-07-31T20:43:05,0.85,Partially cloudy,Partly cloudy throughout the day.,partly-cloudy-day,"33345099999,remote"
Kyiv,2024-08-01,29.4,14.7,22.6,28,14.7,22.3,10.7,50.3,0,0,0,,0,0,35.3,13,276.4,1009.7,40.6,20,,,,,2024-08-01T05:26:05,2024-08-01T20:41:32,0.89,Partially cloudy,Clearing in the afternoon.,partly-cloudy-day,"remote,33345099999"
Kyiv,2024-08-02,28.3,16.6,22.8,27.3,16.6,22.6,11.3,51,0,0,0,,0,0,30.2,10.4,303.1,1007.5,53.1,20,,,,,2024-08-02T05:27:32,2024-08-02T20:39:56,0.93,Partially cloudy,Partly cloudy throughout the day.,partly-cloudy-day,"33345099999,remote"
Kyiv,2024-08-03,24.7,16.9,20.6,24.7,16.9,20.6,15.6,74.3,3,100,4.17,rain,0,0,29.2,9.7,91.9,1004.9,90.5,16.7,,,,,2024-08-03T05:28:59,2024-08-03T20:38:19,0.96,"Rain, Overcast",Cloudy skies throughout the day with late afternoon rain.,rain,"remote,33345099999"
Kyiv,2024-08-04,24.2,15.7,19.5,24.2,15.7,19.5,14.5,74.6,16,100,4.17,rain,0,0,37.4,13.7,1.2,1006.7,86.7,15.7,,,,,2024-08-04T05:30:26,2024-08-04T20:36:40,0,"Rain, Partially cloudy",Partly cloudy throughout the day with morning rain.,rain,"remote,33345099999"
Kyiv,2024-08-05,26.4,16.2,21.7,26.4,16.2,21.7,12.7,59.1,0,0,0,,0,0,20.5,7.2,323.7,1009.4,35.3,20,,,,,2024-08-05T05:31:54,2024-08-05T20:34:59,0.03,Partially cloudy,Becoming cloudy in the afternoon.,partly-cloudy-day,"33345099999,remote"
Kyiv,2024-08-06,26.4,16.6,21.9,26.4,16.6,21.9,14.8,65.5,3,100,4.17,rain,0,0,20.9,8.6,8,1009.8,78.6,20,,,,,2024-08-06T05:33:22,2024-08-06T20:33:17,0.06,"Rain, Partially cloudy",Partly cloudy throughout the day with late afternoon rain.,rain,"33345099999,remote"
Kyiv,2024-08-07,26.1,18,21.5,26.1,18,21.5,15.2,70,2.5,100,20.83,rain,0,0,28.4,10.1,306.4,1011.7,70.4,20,,,,,2024-08-07T05:34:51,2024-08-07T20:31:33,0.09,"Rain, Partially cloudy",Partly cloudy throughout the day with rain clearing later.,rain,"33345099999,remote"
Kyiv,2024-08-08,26.8,17.2,22,26.8,17.2,22,14.6,64.8,0,0,0,,0,0,30.6,11.5,315.1,1012.5,61.7,20,,,,,2024-08-08T05:36:20,2024-08-08T20:29:48,0.13,Partially cloudy,Partly cloudy throughout the day.,partly-cloudy-day,"33345099999,remote"
Kyiv,2024-08-09,27.2,16.4,22.4,27.2,16.4,22.4,14.8,64.7,0.5,100,4.17,rain,0,0,15.1,7.2,288.2,1014.1,68.5,20,,,,,2024-08-09T05:37:49,2024-08-09T20:28:01,0.16,"Rain, Partially cloudy",Partly cloudy throughout the day with late afternoon rain.,rain,"33345099999,remote"
Kyiv,2024-08-10,27.4,18.7,22.1,27.6,18.7,22.1,17.1,75.5,0.1,100,4.17,rain,0,0,40,14.8,280,1014.9,75.7,18.3,,,,,2024-08-10T05:39:18,2024-08-10T20:26:13,0.19,"Rain, Partially cloudy",Partly cloudy throughout the day with morning rain.,rain,"33345099999,remote"
Kyiv,2024-08-11,25.6,18.3,21.8,25.6,18.3,21.8,13.1,60.8,0.1,100,4.17,rain,0,0,47.9,18.7,289.9,1014.8,63.1,20,,,,,2024-08-11T05:40:48,2024-08-11T20:24:24,0.23,"Rain, Partially cloudy",Partly cloudy throughout the day with late afternoon rain.,rain,"33345099999,remote"
Kyiv,2024-08-12,22.9,14.6,18.9,22.9,14.6,18.9,10.7,61,0,0,0,,0,0,40.3,15.5,295.2,1013.8,46.1,,,,,,2024-08-12T05:42:18,2024-08-12T20:22:33,0.25,Partially cloudy,Partly cloudy throughout the day.,partly-cloudy-day,remote
Kyiv,2024-08-13,22.8,15.4,19,22.8,15.4,19,10,57.1,0,0,0,,0,0,38.2,14.4,319.9,1013.2,54.7,20,,,,,2024-08-13T05:43:49,2024-08-13T20:20:41,0.29,Partially cloudy,Partly cloudy throughout the day.,partly-cloudy-day,"remote,33345099999"
Kyiv,2024-08-14,25,13,19.3,25,13,19.3,10.8,60.1,0,0,0,,0,0,18.7,10.8,327.1,1018.4,23.5,20,,,,,2024-08-14T05:45:19,2024-08-14T20:18:47,0.32,Partially cloudy,Becoming cloudy in the afternoon.,partly-cloudy-day,"33345099999,remote"
Kyiv,2024-08-15,26.8,14.8,21.1,26.6,14.8,21.1,10.9,55.2,0,0,0,,0,0,21.2,7.6,355.1,1018.7,38,20,,,,,2024-08-15T05:46:50,2024-08-15T20:16:53,0.36,Partially cloudy,Partly cloudy throughout the day.,partly-cloudy-day,"33345099999,remote"
Kyiv,2024-08-16,27.6,16.1,22,26.9,16.1,21.9,12.2,56.4,0,0,0,,0,0,18.4,5.8,127.6,1018,50.2,20,,,,,2024-08-16T05:48:20,2024-08-16T20:14:57,0.39,Partially cloudy,Partly cloudy throughout the day.,partly-cloudy-day,"33345099999,remote"
Kyiv,2024-08-17,29.9,16.4,23,28.4,16.4,22.7,11.8,52.7,0,0,0,,0,0,22.3,7.9,132.3,1014.9,0,20,,,,,2024-08-17T05:49:51,2024-08-17T20:13:01,0.42,Clear,Clear conditions throughout the day.,clear-day,"33345099999,remote"
Kyiv,2024-08-18,33.9,17.7,25.2,32.9,17.7,25,14.2,52.9,0.2,100,8.33,rain,0,0,23,14.4,144,1011.7,20.6,20,,,,,2024-08-18T05:51:22,2024-08-18T20:11:03,0.45,"Rain, Partially cloudy",Becoming cloudy in the afternoon with rain.,rain,"33345099999,remote"
Kyiv,2024-08-19,35.2,19.7,27.1,34.6,19.7,26.9,15.2,51.5,0,0,0,,0,0,27,9.4,144.4,1011.1,26,20,,,,,2024-08-19T05:52:53,2024-08-19T20:09:04,0.5,Partially cloudy,Partly cloudy throughout the day.,partly-cloudy-day,"33345099999,remote"
Kyiv,2024-08-20,35.1,21,27.7,33.5,21,27.3,13.5,44.4,0,0,0,,0,0,20.5,7.2,149.7,1012.6,1.8,20,,,,,2024-08-20T05:54:24,2024-08-20T20:07:04,0.52,Clear,Clear conditions throughout the day.,clear-day,"33345099999,remote"
Kyiv,2024-08-21,34.4,20.2,27.4,32.2,20.2,26.6,10.7,38.7,0,0,0,,0,0,27,9.7,127.8,1009.9,9,20,,,,,2024-08-21T05:55:55,2024-08-21T20:05:03,0.56,Clear,Clear conditions throughout the day.,clear-day,"33345099999,remote"
Kyiv,2024-08-22,29.9,20.1,24.8,30.4,20.1,24.9,14,51.9,0,0,0,,0,0,39.2,16.2,314.7,1008.6,78.3,20,,,,,2024-08-22T05:57:27,2024-08-22T20:03:01,0.59,Partially cloudy,Partly cloudy throughout the day.,partly-cloudy-day,"33345099999,remote"
Kyiv,2024-08-23,25.3,15.6,20.3,25.3,15.6,20.3,10.4,55.4,0,0,0,,0,0,33.8,12.2,332.2,1015.4,37.8,20,,,,,2024-08-23T05:58:58,2024-08-23T20:00:59,0.63,Partially cloudy,Partly cloudy throughout the day.,partly-cloudy-day,"33345099999,remote"
Kyiv,2024-08-24,27.9,15.6,21.8,27,15.6,21.7,11,52.7,0,0,0,,0,0,24.8,8.3,3.1,1019.2,15.3,20,,,,,2024-08-24T06:00:29,2024-08-24T19:58:55,0.66,Clear,Clear conditions throughout the day.,clear-day,"33345099999,remote"
Kyiv,2024-08-25,32.3,17.7,25,31.9,17.7,24.9,13.9,52,0,0,0,,0,0,20.9,7.2,53.2,1018.2,0.7,20,,,,,2024-08-25T06:02:00,2024-08-25T19:56:51,0.7,Clear,Clear conditions throughout the day.,clear-day,"33345099999,remote"
Kyiv,2024-08-26,32.8,20.2,26.3,31.3,20.2,25.9,13.8,48.7,0,0,0,,0,0,25.6,8.6,25,1017,0.4,20,,,,,2024-08-26T06:03:31,2024-08-26T19:54:46,0.75,Clear,Clear conditions throughout the day.,clear-day,"33345099999,remote"
Kyiv,2024-08-27,33.1,19.7,25.9,32.1,19.7,25.6,13.7,49.5,0,0,0,,0,0,28.4,10.1,47,1017,47.6,20,,,,,2024-08-27T06:05:03,2024-08-27T19:52:40,0.77,Partially cloudy,Partly cloudy throughout the day.,partly-cloudy-day,"33345099999,remote"
Kyiv,2024-08-28,30.7,21.1,26,29.7,21.1,25.6,13,45.8,0,0,0,,0,0,35.3,14.4,64.9,1019.3,75.1,20,,,,,2024-08-28T06:06:34,2024-08-28T19:50:33,0.8,Partially cloudy,Partly cloudy throughout the day.,partly-cloudy-day,"33345099999,remote"
Kyiv,2024-08-29,32.4,20.3,26.2,30.8,20.3,25.7,11.7,42.5,0,0,0,,0,0,32.8,11.9,48.7,1019.2,70,20,,,,,2024-08-29T06:08:05,2024-08-29T19:48:26,0.84,Partially cloudy,Partly cloudy throughout the day.,partly-cloudy-day,"33345099999,remote"
Kyiv,2024-08-30,32.4,19.1,25.5,30.5,19.1,24.9,9,37,0,0,0,,0,0,31.3,11.2,61.4,1018.8,35.5,20,,,,,2024-08-30T06:09:36,2024-08-30T19:46:18,0.87,Partially cloudy,Becoming cloudy in the afternoon.,partly-cloudy-day,"33345099999,remote"
Kyiv,2024-08-31,30,18.2,23.8,28.4,18.2,23.5,9.3,41.3,0,0,0,,0,0,29.2,10.4,47.7,1019.3,70.5,20,,,,,2024-08-31T06:11:08,2024-08-31T19:44:10,0.91,Partially cloudy,Partly cloudy throughout the day.,partly-cloudy-day,"33345099999,remote"
Kyiv,2024-09-01,32.6,19.8,24.8,31.2,19.8,24.4,11.4,45,0,0,0,,0,0,31.7,11.9,73,1018.3,97.3,20,,,,,2024-09-01T06:12:39,2024-09-01T19:42:01,0.94,Overcast,Cloudy skies throughout the day.,cloudy,"33345099999,remote"
Kyiv,2024-09-02,30.4,19.9,25,28.6,19.9,24.5,9.3,39.1,0,0,0,,0,0,33.8,12.2,49.9,1017.9,79.3,20,,,,,2024-09-02T06:14:10,2024-09-02T19:39:51,0.98,Partially cloudy,Partly cloudy throughout the day.,partly-cloudy-day,"33345099999,remote"
Kyiv,2024-09-03,32.2,19.3,24,30.4,19.3,23.7,10.7,44.2,0,0,0,,0,0,39.6,14.8,71.5,1019,86.9,20,,,,,2024-09-03T06:15:41,2024-09-03T19:37:41,0,Partially cloudy,Partly cloudy throughout the day.,partly-cloudy-day,"33345099999,remote"
Kyiv,2024-09-04,28.3,18.8,23.8,26.9,18.8,23.5,6.8,36.6,0,0,0,,0,0,36.7,14.4,50,1019.3,94.9,20,,,,,2024-09-04T06:17:12,2024-09-04T19:35:30,0.04,Overcast,Cloudy skies throughout the day.,cloudy,"33345099999,remote"
Kyiv,2024-09-05,27.4,17.7,22.5,26.6,17.7,22.3,8.5,42.8,0,0,0,,0,0,46.4,16.6,57.3,1019.9,80.9,20,,,,,2024-09-05T06:18:43,2024-09-05T19:33:19,0.08,Partially cloudy,Partly cloudy throughout the day.,partly-cloudy-day,"33345099999,remote"
Kyiv,2024-09-06,27.6,16.8,21.8,26.7,16.8,21.7,7.4,41.1,0,0,0,,0,0,34.2,12.2,82.3,1024,19.8,20,,,,,2024-09-06T06:20:14,2024-09-06T19:31:08,0.11,Clear,Clear conditions throughout the day.,clear-day,"33345099999,remote"
Kyiv,2024-09-07,27.2,13.5,20,26.2,13.5,20,3.9,36.8,0,0,0,,0,0,35.6,12.6,92.3,1026,0,20,,,,,2024-09-07T06:21:46,2024-09-07T19:28:56,0.14,Clear,Clear conditions throughout the day.,clear-day,"33345099999,remote"
Kyiv,2024-09-08,26.6,12,19.4,26.6,12,19.4,4.7,41.2,0,0,0,,0,0,32.4,11.5,90.5,1023,0,20,,,,,2024-09-08T06:23:17,2024-09-08T19:26:44,0.18,Clear,Clear conditions throughout the day.,clear-day,"33345099999,remote"
Kyiv,2024-09-09,27.2,12.3,19.5,26.3,12.3,19.5,5.1,41.8,0,0,0,,0,0,37.8,14,101.9,1016.8,12.2,20,,,,,2024-09-09T06:24:48,2024-09-09T19:24:31,0.21,Clear,Clear conditions throughout the day.,clear-day,"33345099999,remote"
Kyiv,2024-09-10,26.2,12.2,19.1,26.2,12.2,19.1,9.4,55.2,0,0,0,,0,0,28.4,10.1,107.6,1010.3,31.8,20,,,,,2024-09-10T06:26:19,2024-09-10T19:22:18,0.24,Partially cloudy,Becoming cloudy in the afternoon.,partly-cloudy-day,"33345099999,remote"
Kyiv,2024-09-11,27.5,15.9,21.6,26.9,15.9,21.5,14.1,65.9,0,0,0,,0,0,24.8,8.6,119.3,1009.1,86.9,18,,,,,2024-09-11T06:27:50,2024-09-11T19:20:05,0.25,Partially cloudy,Partly cloudy throughout the day.,partly-cloudy-day,"33345099999,remote"
Kyiv,2024-09-12,28.4,18.6,22.3,28.2,18.6,22.3,16.7,72.3,17,100,8.33,rain,0,0,50.8,15.1,121.6,1009,95.1,14.9,,,,,2024-09-12T06:29:21,2024-09-12T19:17:52,0.31,"Rain, Overcast",Cloudy skies throughout the day with rain.,rain,"33345099999,remote"
Kyiv,2024-09-13,24.6,16.4,20.8,24.6,16.4,20.8,17.3,81.6,2,100,4.17,rain,0,0,40.3,12.2,135.3,1010.4,69,12.5,,,,,2024-09-13T06:30:53,2024-09-13T19:15:38,0.34,"Rain, Partially cloudy",Partly cloudy throughout the day with morning rain.,rain,"33345099999,remote"
Kyiv,2024-09-14,26.6,17.2,21.5,26.6,17.2,21.5,13.1,61.6,0,0,0,,0,0,41.4,14.8,102.6,1010.3,67,20,,,,,2024-09-14T06:32:24,2024-09-14T19:13:25,0.38,Partially cloudy,Partly cloudy throughout the day.,partly-cloudy-day,"33345099999,remote"
Kyiv,2024-09-15,28.9,18.3,22.8,27.4,18.3,22.6,6.7,37.5,0.5,100,4.17,rain,0,0,52.6,19.4,105.5,1012.7,74.6,20,,,,,2024-09-15T06:33:55,2024-09-15T19:11:11,0.41,"Rain, Partially cloudy",Partly cloudy throughout the day with morning rain.,rain,"33345099999,remote"
Kyiv,2024-09-16,26.9,16.9,22,26.4,16.9,21.9,5.6,35.6,0,0,0,,0,0,52.9,19.8,83.6,1016.5,40,20,,,,,2024-09-16T06:35:27,2024-09-16T19:08:57,0.44,Partially cloudy,Clearing in the afternoon.,partly-cloudy-day,"33345099999,remote"
Kyiv,2024-09-17,28.1,14.9,20.9,26.8,14.9,20.8,6.6,41.3,0,0,0,,0,0,44.3,14.8,66.4,1023.4,37.7,18.8,,,,,2024-09-17T06:36:58,2024-09-17T19:06:43,0.48,Partially cloudy,Becoming cloudy in the afternoon.,partly-cloudy-day,"33345099999,remote"
Kyiv,2024-09-18,21.4,14.7,17.2,21.4,14.7,17.2,8.1,56.2,0.6,100,4.17,rain,0,0,34.9,13.3,48.7,1026.3,79.6,18.6,,,,,2024-09-18T06:38:30,2024-09-18T19:04:28,0.5,"Rain, Partially cloudy",Partly cloudy throughout the day with late afternoon rain.,rain,"33345099999,remote"
Kyiv,2024-09-19,23.7,10,16.5,23.7,10,16.5,2.3,41.5,0,0,0,,0,0,34.2,12.2,49.8,1027.4,23,20,,,,,2024-09-19T06:40:02,2024-09-19T19:02:14,0.54,Partially cloudy,Partly cloudy throughout the day.,partly-cloudy-day,"33345099999,remote"
Kyiv,2024-09-20,23.7,11,17.7,23.7,11,17.7,6.8,50.1,0,0,0,,0,0,28.8,10.8,5,1026.3,19.2,18.8,,,,,2024-09-20T06:41:33,2024-09-20T19:00:00,0.58,Clear,Clear conditions throughout the day.,clear-day,"33345099999,remote"
Kyiv,2024-09-21,24.1,11.6,17.7,24.1,11.6,17.7,8.9,58.6,0,0,0,,0,0,20.2,7.2,9,1023.6,0,20,,,,,2024-09-21T06:43:05,2024-09-21T18:57:46,0.61,Clear,Clear conditions throughout the day.,clear-day,"33345099999,remote"
Kyiv,2024-09-22,24.9,12,18.5,24.9,12,18.5,9.6,57.6,0,0,0,,0,0,19.4,7.2,355.8,1020.2,25.2,20,,,,,2024-09-22T06:44:37,2024-09-22T18:55:32,0.65,Partially cloudy,Partly cloudy throughout the day.,partly-cloudy-day,"33345099999,remote"
Kyiv,2024-09-23,24.4,11.4,17.9,24.4,11.4,17.9,7.8,54,0,0,0,,0,0,20.2,6.8,71.3,1018.6,64.9,20,,,,,2024-09-23T06:46:10,2024-09-23T18:53:18,0.68,Partially cloudy,Partly cloudy throughout the day.,partly-cloudy-day,"33345099999,remote"
Kyiv,2024-09-24,27.4,12,19.2,26.7,12,19.1,9.4,56.7,0,0,0,,0,0,31,11.2,140.9,1017.8,5.7,20,,,,,2024-09-24T06:47:42,2024-09-24T18:51:04,0.75,Clear,Clear conditions throughout the day.,clear-day,"33345099999,remote"
Kyiv,2024-09-25,26.2,13.2,20.1,26.2,13.2,20.1,8.1,47.9,0,0,0,,0,0,40,15.1,175.3,1018.3,67.5,20,,,,,2024-09-25T06:49:15,2024-09-25T18:48:50,0.75,Partially cloudy,Partly cloudy throughout the day.,partly-cloudy-day,"33345099999,remote"
Kyiv,2024-09-26,23.4,15.2,18.9,23.4,15.2,18.9,10.3,58.1,0.4,100,4.17,rain,0,0,34.6,13,162.9,1015.9,93.1,20,,,,,2024-09-26T06:50:47,2024-09-26T18:46:36,0.78,"Rain, Overcast",Cloudy skies throughout the day with late afternoon rain.,rain,"33345099999,remote"
Kyiv,2024-09-27,26.9,17.2,21.6,27.1,17.2,21.6,14.1,64,0,0,0,,0,0,36.4,18,180.6,1011,85.5,20,,,,,2024-09-27T06:52:20,2024-09-27T18:44:23,0.82,Partially cloudy,Partly cloudy throughout the day.,partly-cloudy-day,"33345099999,remote"
Kyiv,2024-09-28,28.7,17.7,22.7,27.7,17.7,22.6,13,56.8,0,0,0,,0,0,34.6,14.4,182.9,1012.1,42.3,20,,,,,2024-09-28T06:53:53,2024-09-28T18:42:10,0.85,Partially cloudy,Partly cloudy throughout the day.,partly-cloudy-day,"33345099999,remote"
Kyiv,2024-09-29,20.7,12.1,16.5,20.7,12.1,16.5,11.8,73.8,0,0,0,,0,0,43.6,18,352.1,1013.5,75.4,20,,,,,2024-09-29T06:55:26,2024-09-29T18:39:57,0.88,Partially cloudy,Partly cloudy throughout the day.,partly-cloudy-day,"33345099999,remote"
Kyiv,2024-09-30,15.1,10.8,12.6,15.1,10.8,12.6,7.7,72.3,0,0,0,,0,0,44.3,18,11.1,1014.6,95.1,20,,,,,2024-09-30T06:57:00,2024-09-30T18:37:44,0.92,Overcast,Cloudy skies throughout the day.,cloudy,"33345099999,remote"
Kyiv,2024-10-01,17.5,9.4,13,17.5,8.4,12.9,8.2,73.5,0,0,0,,0,0,30.2,11.2,351.5,1012.5,67.1,20,,,,,2024-10-01T06:58:34,2024-10-01T18:35:32,0.95,Partially cloudy,Partly cloudy throughout the day.,partly-cloudy-day,"33345099999,remote"
Kyiv,2024-10-02,16.6,9.2,12.5,16.6,8,12.2,8.5,77.5,0,0,0,,0,0,25.9,10.8,342.4,1013.8,80.9,17.5,,,,,2024-10-02T07:00:07,2024-10-02T18:33:20,0,Partially cloudy,Partly cloudy throughout the day.,partly-cloudy-day,"33345099999,remote"
Kyiv,2024-10-03,21.6,9.4,15.8,21.6,9.4,15.8,9.1,65.6,0,0,0,,0,0,37.1,13,155.3,1013.5,88.1,20,,,,,2024-10-03T07:01:42,2024-10-03T18:31:08,0.02,Partially cloudy,Partly cloudy throughout the day.,partly-cloudy-day,"33345099999,remote"
Kyiv,2024-10-04,22.4,13.2,16.9,22.4,13.2,16.9,11.4,70.5,0.3,100,8.33,rain,0,0,29.5,14.4,161.6,1012.8,95.9,20,,,,,2024-10-04T07:03:16,2024-10-04T18:28:57,0.05,"Rain, Overcast",Cloudy skies throughout the day with late afternoon rain.,rain,"33345099999,remote"
Kyiv,2024-10-05,18.9,14.9,16.4,18.9,14.9,16.4,14.5,89.1,3.9,100,8.33,rain,0,0,20.2,7.9,31.6,1012.5,99.4,6.9,,,,,2024-10-05T07:04:51,2024-10-05T18:26:46,0.09,"Rain, Overcast",Cloudy skies throughout the day with rain.,rain,"33345099999,remote"
Kyiv,2024-10-06,19.2,14.4,16.7,19.2,14.4,16.7,15.7,94.3,31,100,8.33,rain,0,0,28.8,10.8,188.8,1008.3,99.6,6.3,,,,,2024-10-06T07:06:26,2024-10-06T18:24:36,0.12,"Rain, Overcast",Cloudy skies throughout the day with rain.,rain,"33345099999,remote"
Kyiv,2024-10-07,13.9,10.2,11.7,13.9,10.2,11.7,10.1,89.8,22,100,8.33,rain,0,0,36,14,300.1,1008.7,100,8.7,,,,,2024-10-07T07:08:01,2024-10-07T18:22:27,0.16,"Rain, Overcast",Cloudy skies throughout the day with rain.,rain,"33345099999,remote"
Kyiv,2024-10-08,16.4,7.7,11.4,16.4,5.4,10.6,6.8,74.6,0,0,0,,0,0,37.8,14.4,271.9,1013.9,40.9,18.6,,,,,2024-10-08T07:09:36,2024-10-08T18:20:17,0.19,Partially cloudy,Clearing in the afternoon.,partly-cloudy-day,"33345099999,remote"
Kyiv,2024-10-09,21.4,8.4,13.8,21.4,8.4,13.8,10,79,0,0,0,,0,0,30.6,11.5,137.7,1012.1,28.7,14,,,,,2024-10-09T07:11:12,2024-10-09T18:18:09,0.22,Partially cloudy,Becoming cloudy in the afternoon.,partly-cloudy-day,"33345099999,remote"
Kyiv,2024-10-10,19.9,11.7,15.5,19.9,11.7,15.5,12.6,83.9,0,0,0,,0,0,31.7,11.5,156.9,1007.4,62.6,12,,,,,2024-10-10T07:12:48,2024-10-10T18:16:01,0.25,Partially cloudy,Partly cloudy throughout the day.,partly-cloudy-day,"33345099999,remote"
Kyiv,2024-10-11,19.7,11.9,16,19.7,11.9,16,14,88.2,3.1,100,8.33,rain,0,0,32.4,11.9,152.9,1007.5,80,9.9,,,,,2024-10-11T07:14:25,2024-10-11T18:13:54,0.29,"Rain, Partially cloudy",Partly cloudy throughout the day with late afternoon rain.,rain,"33345099999,remote"
Kyiv,2024-10-12,17.4,10.7,12.6,17.4,10.7,12.6,10.4,86.8,6,100,4.17,rain,0,0,36.4,14.4,331.1,1013.9,99.9,14,,,,,2024-10-12T07:16:01,2024-10-12T18:11:47,0.33,"Rain, Overcast",Cloudy skies throughout the day with morning rain.,rain,"33345099999,remote"
Kyiv,2024-10-13,12.4,8.2,10.2,12.4,7.5,9.7,8,86.3,0,0,0,,0,0,28.4,10.8,320.8,1014.3,94,15.4,,,,,2024-10-13T07:17:38,2024-10-13T18:09:41,0.36,Overcast,Cloudy skies throughout the day.,cloudy,"33345099999,remote"
Kyiv,2024-10-14,11.4,7.1,9.3,11.4,5.9,8.4,6.5,83.2,0.5,100,4.17,rain,0,0,46.1,18,247.7,1012.4,84.5,13.1,,,,,2024-10-14T07:19:16,2024-10-14T18:07:36,0.39,"Rain, Partially cloudy",Partly cloudy throughout the day with morning rain.,rain,"33345099999,remote"
Kyiv,2024-10-15,11.3,7,9.1,11.3,5.1,8.2,5.9,80.5,0.3,100,8.33,rain,0,0,34.6,13.3,274.8,1018.4,92.9,20,,,,,2024-10-15T07:20:53,2024-10-15T18:05:32,0.43,"Rain, Overcast",Cloudy skies throughout the day with late afternoon rain.,rain,"33345099999,remote"
Kyiv,2024-10-16,10.3,5.6,8.1,10.3,4,6.9,5.9,86.5,0.3,100,4.17,rain,0,0,29.5,11.5,324.8,1025.7,88,14.9,,,,,2024-10-16T07:22:31,2024-10-16T18:03:29,0.46,"Rain, Partially cloudy",Partly cloudy throughout the day with late afternoon rain.,rain,"33345099999,remote"
Kyiv,2024-10-17,9.1,3.9,6.7,7.1,2,4.8,2.6,76,0.4,100,4.17,rain,0,0,31.3,14.4,1.7,1032.1,45.2,18.6,,,,,2024-10-17T07:24:10,2024-10-17T18:01:26,0.5,"Rain, Partially cloudy",Partly cloudy throughout the day with morning rain.,rain,"33345099999,remote"
Kyiv,2024-10-18,9.5,2.3,5.9,8.1,2.3,5.2,2.3,78.3,0,0,0,,0,0,25.9,10.8,12.2,1030.8,45.9,20,,,,,2024-10-18T07:25:48,2024-10-18T17:59:24,0.53,Partially cloudy,Partly cloudy throughout the day.,partly-cloudy-day,"33345099999,remote"
Kyiv,2024-10-19,9,2.9,5.6,7.6,1.3,4.7,1.4,75.3,0,0,0,,0,0,25.2,9,19.3,1031,61.6,20,,,,,2024-10-19T07:27:27,2024-10-19T17:57:24,0.56,Partially cloudy,Partly cloudy throughout the day.,partly-cloudy-day,"33345099999,remote"
